,name,url
0,Paris,https://www.tripadvisor.fr/Restaurants-g187147-Paris_Ile_de_France.html
1,La Defense,https://www.tripadvisor.fr/Restaurants-g1934807-La_Defense_Hauts_de_Seine_Ile_de_France.html
2,Versailles,https://www.tripadvisor.fr/Restaurants-g187148-Versailles_Yvelines_Ile_de_France.html
3,Boulogne-Billancourt,https://www.tripadvisor.fr/Restaurants-g196560-Boulogne_Billancourt_Hauts_de_Seine_Ile_de_France.html
4,Marne-la-Vallée,https://www.tripadvisor.fr/Restaurants-g226865-Marne_la_Vallee_Seine_et_Marne_Ile_de_France.html
5,Levallois-Perret,https://www.tripadvisor.fr/Restaurants-g196574-Levallois_Perret_Hauts_de_Seine_Ile_de_France.html
6,Montreuil,https://www.tripadvisor.fr/Restaurants-g1055975-Montreuil_Seine_Saint_Denis_Ile_de_France.html
7,Issy-les-Moulineaux,https://www.tripadvisor.fr/Restaurants-g196569-Issy_les_Moulineaux_Hauts_de_Seine_Ile_de_France.html
8,Neuilly-sur-Seine,https://www.tripadvisor.fr/Restaurants-g196581-Neuilly_sur_Seine_Hauts_de_Seine_Ile_de_France.html
9,Cergy-Pontoise,https://www.tripadvisor.fr/Restaurants-g1080243-Cergy_Pontoise_Val_d_Oise_Ile_de_France.html
10,Fontainebleau,https://www.tripadvisor.fr/Restaurants-g187145-Fontainebleau_Seine_et_Marne_Ile_de_France.html
11,Saint-Maur-des-Fossés,https://www.tripadvisor.fr/Restaurants-g635792-Saint_Maur_des_Fosses_Val_de_Marne_Ile_de_France.html
12,Clichy,https://www.tripadvisor.fr/Restaurants-g608772-Clichy_Hauts_de_Seine_Ile_de_France.html
13,Rueil-Malmaison,https://www.tripadvisor.fr/Restaurants-g226861-Rueil_Malmaison_Hauts_de_Seine_Ile_de_France.html
14,Vincennes,https://www.tripadvisor.fr/Restaurants-g790302-Vincennes_Val_de_Marne_Ile_de_France.html
15,Montrouge,https://www.tripadvisor.fr/Restaurants-g227893-Montrouge_Hauts_de_Seine_Ile_de_France.html
16,Meaux,https://www.tripadvisor.fr/Restaurants-g196576-Meaux_Seine_et_Marne_Ile_de_France.html
17,Ivry-sur-Seine,https://www.tripadvisor.fr/Restaurants-g196570-Ivry_sur_Seine_Val_de_Marne_Ile_de_France.html
18,Melun,https://www.tripadvisor.fr/Restaurants-g196577-Melun_Seine_et_Marne_Ile_de_France.html
19,Saint-Germain-en-Laye,https://www.tripadvisor.fr/Restaurants-g196590-Saint_Germain_en_Laye_Yvelines_Ile_de_France.html
20,Suresnes- Hauts-de-Seine,https://www.tripadvisor.fr/Restaurants-g196592-Suresnes_Hauts_de_Seine_Ile_de_France.html
21,Saint-Ouen- Seine-Saint-Denis,https://www.tripadvisor.fr/Restaurants-g227615-Saint_Ouen_Seine_Saint_Denis_Ile_de_France.html
22,Saint-Denis- Seine-Saint-Denis,https://www.tripadvisor.fr/Restaurants-g196589-Saint_Denis_Seine_Saint_Denis_Ile_de_France.html
23,Antony- Hauts-de-Seine,https://www.tripadvisor.fr/Restaurants-g1051960-Antony_Hauts_de_Seine_Ile_de_France.html
24,Asnieres-sur-Seine- Hauts-de-Seine,https://www.tripadvisor.fr/Restaurants-g635568-Asnieres_sur_Seine_Hauts_de_Seine_Ile_de_France.html
25,Saint-Quentin-en-Yvelines- Yvelines,https://www.tripadvisor.fr/Restaurants-g196591-Saint_Quentin_en_Yvelines_Yvelines_Ile_de_France.html
26,Roissy-en-France- Val-d'Oise,https://www.tripadvisor.fr/Restaurants-g196587-Roissy_en_France_Val_d_Oise_Ile_de_France.html
27,Créteil- Val-de-Marne,https://www.tripadvisor.fr/Restaurants-g196564-Creteil_Val_de_Marne_Ile_de_France.html
28,Colombes- Hauts-de-Seine,https://www.tripadvisor.fr/Restaurants-g1025622-Colombes_Hauts_de_Seine_Ile_de_France.html
29,Clamart- Hauts-de-Seine,https://www.tripadvisor.fr/Restaurants-g1025620-Clamart_Hauts_de_Seine_Ile_de_France.html
30,Malakoff- Hauts-de-Seine,https://www.tripadvisor.fr/Restaurants-g947973-Malakoff_Hauts_de_Seine_Ile_de_France.html
31,Pantin- Seine-Saint-Denis,https://www.tripadvisor.fr/Restaurants-g196584-Pantin_Seine_Saint_Denis_Ile_de_France.html
32,Noisy-le-Grand- Seine-Saint-Denis,https://www.tripadvisor.fr/Restaurants-g196583-Noisy_le_Grand_Seine_Saint_Denis_Ile_de_France.html
33,La Garenne-Colombes- Hauts-de-Seine,https://www.tripadvisor.fr/Restaurants-g1135663-La_Garenne_Colombes_Hauts_de_Seine_Ile_de_France.html
34,Provins- Seine-et-Marne,https://www.tripadvisor.fr/Restaurants-g608778-Provins_Seine_et_Marne_Ile_de_France.html
35,Mantes-la-Jolie- Yvelines,https://www.tripadvisor.fr/Restaurants-g1570827-Mantes_la_Jolie_Yvelines_Ile_de_France.html
36,Aulnay-sous-Bois- Seine-Saint-Denis,https://www.tripadvisor.fr/Restaurants-g651710-Aulnay_sous_Bois_Seine_Saint_Denis_Ile_de_France.html
37,Argenteuil- Val-d'Oise,https://www.tripadvisor.fr/Restaurants-g196557-Argenteuil_Val_d_Oise_Ile_de_France.html
38,Conflans-Sainte-Honorine- Yvelines,https://www.tripadvisor.fr/Restaurants-g1006520-Conflans_Sainte_Honorine_Yvelines_Ile_de_France.html
39,Fontenay-sous-Bois- Val-de-Marne,https://www.tripadvisor.fr/Restaurants-g196566-Fontenay_sous_Bois_Val_de_Marne_Ile_de_France.html
40,Évry- Essonne,https://www.tripadvisor.fr/Restaurants-g196565-Evry_Essonne_Ile_de_France.html
41,Vitry-sur-Seine- Val-de-Marne,https://www.tripadvisor.fr/Restaurants-g946314-Vitry_sur_Seine_Val_de_Marne_Ile_de_France.html
42,Rambouillet- Yvelines,https://www.tripadvisor.fr/Restaurants-g1055982-Rambouillet_Yvelines_Ile_de_France.html
43,Poissy- Yvelines,https://www.tripadvisor.fr/Restaurants-g562719-Poissy_Yvelines_Ile_de_France.html
44,Massy- Essonne,https://www.tripadvisor.fr/Restaurants-g196575-Massy_Essonne_Ile_de_France.html
45,Charenton-le-Pont- Val-de-Marne,https://www.tripadvisor.fr/Restaurants-g1080245-Charenton_le_Pont_Val_de_Marne_Ile_de_France.html
46,Maisons-Alfort- Val-de-Marne,https://www.tripadvisor.fr/Restaurants-g1006581-Maisons_Alfort_Val_de_Marne_Ile_de_France.html
47,Aubervilliers- Seine-Saint-Denis,https://www.tripadvisor.fr/Restaurants-g3347617-Aubervilliers_Seine_Saint_Denis_Ile_de_France.html
48,Vélizy-Villacoublay- Yvelines,https://www.tripadvisor.fr/Restaurants-g1078663-Velizy_Villacoublay_Yvelines_Ile_de_France.html
49,Le Perreux-sur-Marne- Val-de-Marne,https://www.tripadvisor.fr/Restaurants-g1310458-Le_Perreux_sur_Marne_Val_de_Marne_Ile_de_France.html
50,Champigny-sur-Marne- Val-de-Marne,https://www.tripadvisor.fr/Restaurants-g1080244-Champigny_sur_Marne_Val_de_Marne_Ile_de_France.html
51,Enghien-les-Bains- Val-d'Oise,https://www.tripadvisor.fr/Restaurants-g227890-Enghien_Les_Bains_Val_d_Oise_Ile_de_France.html
52,L'Isle-Adam- Val-d'Oise,https://www.tripadvisor.fr/Restaurants-g1158600-L_Isle_Adam_Val_d_Oise_Ile_de_France.html
53,Villejuif- Val-de-Marne,https://www.tripadvisor.fr/Restaurants-g196593-Villejuif_Val_de_Marne_Ile_de_France.html
54,Sainte-Geneviève-des-Bois- Essonne,https://www.tripadvisor.fr/Restaurants-g1158652-Sainte_Genevieve_des_Bois_Essonne_Ile_de_France.html
55,Corbeil-Essonnes- Essonne,https://www.tripadvisor.fr/Restaurants-g226866-Corbeil_Essonnes_Essonne_Ile_de_France.html
56,Le Kremlin-Bicêtre- Val-de-Marne,https://www.tripadvisor.fr/Restaurants-g227614-Kremlin_Bicetre_Val_de_Marne_Ile_de_France.html
57,Saint-Cloud- Hauts-de-Seine,https://www.tripadvisor.fr/Restaurants-g670763-Saint_Cloud_Hauts_de_Seine_Ile_de_France.html
58,Gennevilliers- Hauts-de-Seine,https://www.tripadvisor.fr/Restaurants-g196567-Gennevilliers_Hauts_de_Seine_Ile_de_France.html
59,Nogent-sur-Marne- Val-de-Marne,https://www.tripadvisor.fr/Restaurants-g196582-Nogent_sur_Marne_Val_de_Marne_Ile_de_France.html
60,Rosny-sous-Bois- Seine-Saint-Denis,https://www.tripadvisor.fr/Restaurants-g226862-Rosny_sous_Bois_Seine_Saint_Denis_Ile_de_France.html
61,Chelles- Seine-et-Marne,https://www.tripadvisor.fr/Restaurants-g196561-Chelles_Seine_et_Marne_Ile_de_France.html
62,Saint-Mande- Val-de-Marne,https://www.tripadvisor.fr/Restaurants-g2151438-Saint_Mande_Val_de_Marne_Ile_de_France.html
63,Tremblay-en-France- Seine-Saint-Denis,https://www.tripadvisor.fr/Restaurants-g226863-Tremblay_En_France_Seine_Saint_Denis_Ile_de_France.html
64,Meudon- Hauts-de-Seine,https://www.tripadvisor.fr/Restaurants-g1941116-Meudon_Hauts_de_Seine_Ile_de_France.html
65,Le Blanc-Mesnil- Seine-Saint-Denis,https://www.tripadvisor.fr/Restaurants-g196571-Le_Blanc_Mesnil_Seine_Saint_Denis_Ile_de_France.html
66,Alfortville- Val-de-Marne,https://www.tripadvisor.fr/Restaurants-g1572443-Alfortville_Val_de_Marne_Ile_de_France.html
67,Pontault Combault- Seine-et-Marne,https://www.tripadvisor.fr/Restaurants-g1158740-Pontault_Combault_Seine_et_Marne_Ile_de_France.html
68,Savigny-Sur-Orge- Essonne,https://www.tripadvisor.fr/Restaurants-g608779-Savigny_Sur_Orge_Essonne_Ile_de_France.html
69,Bagnolet- Seine-Saint-Denis,https://www.tripadvisor.fr/Restaurants-g196558-Bagnolet_Seine_Saint_Denis_Ile_de_France.html
70,Maisons-Laffitte- Yvelines,https://www.tripadvisor.fr/Restaurants-g660748-Maisons_Laffitte_Yvelines_Ile_de_France.html
71,Lieusaint- Seine-et-Marne,https://www.tripadvisor.fr/Restaurants-g1210801-Lieusaint_Seine_et_Marne_Ile_de_France.html
72,Arcueil- Val-de-Marne,https://www.tripadvisor.fr/Restaurants-g661449-Arcueil_Val_de_Marne_Ile_de_France.html
73,Rungis- Val-de-Marne,https://www.tripadvisor.fr/Restaurants-g196588-Rungis_Val_de_Marne_Ile_de_France.html
74,Coignières- Yvelines,https://www.tripadvisor.fr/Restaurants-g660198-Coignieres_Yvelines_Ile_de_France.html
75,Thiais- Val-de-Marne,https://www.tripadvisor.fr/Restaurants-g1055976-Thiais_Val_de_Marne_Ile_de_France.html
76,Saint Gratien- Val-d'Oise,https://www.tripadvisor.fr/Restaurants-g1158605-Saint_Gratien_Val_d_Oise_Ile_de_France.html
77,Vanves- Hauts-de-Seine,https://www.tripadvisor.fr/Restaurants-g227894-Vanves_Hauts_de_Seine_Ile_de_France.html
78,Palaiseau- Essonne,https://www.tripadvisor.fr/Restaurants-g940799-Palaiseau_Essonne_Ile_de_France.html
79,Cachan- Val-de-Marne,https://www.tripadvisor.fr/Restaurants-g1096029-Cachan_Val_de_Marne_Ile_de_France.html
80,Chatou- Yvelines,https://www.tripadvisor.fr/Restaurants-g666520-Chatou_Yvelines_Ile_de_France.html
81,Franconville- Val-d'Oise,https://www.tripadvisor.fr/Restaurants-g1006521-Franconville_Val_d_Oise_Ile_de_France.html
82,Saint-Ouen-l'Aumone- Val-d'Oise,https://www.tripadvisor.fr/Restaurants-g1080269-Saint_Ouen_l_Aumone_Val_d_Oise_Ile_de_France.html
83,Chatillon- Hauts-de-Seine,https://www.tripadvisor.fr/Restaurants-g1773812-Chatillon_Hauts_de_Seine_Ile_de_France.html
84,Sartrouville- Yvelines,https://www.tripadvisor.fr/Restaurants-g3373633-Sartrouville_Yvelines_Ile_de_France.html
85,Etampes- Essonne,https://www.tripadvisor.fr/Restaurants-g1067692-Etampes_Essonne_Ile_de_France.html
86,Coulommiers- Seine-et-Marne,https://www.tripadvisor.fr/Restaurants-g1165146-Coulommiers_Seine_et_Marne_Ile_de_France.html
87,Villemomble- Seine-Saint-Denis,https://www.tripadvisor.fr/Restaurants-g1158646-Villemomble_Seine_Saint_Denis_Ile_de_France.html
88,Sceaux- Hauts-de-Seine,https://www.tripadvisor.fr/Restaurants-g1207806-Sceaux_Hauts_de_Seine_Ile_de_France.html
89,Bobigny- Seine-Saint-Denis,https://www.tripadvisor.fr/Restaurants-g661251-Bobigny_Seine_Saint_Denis_Ile_de_France.html
90,Choisy-le-Roi- Val-de-Marne,https://www.tripadvisor.fr/Restaurants-g3135396-Choisy_le_roi_Val_de_Marne_Ile_de_France.html
91,Nemours- Seine-et-Marne,https://www.tripadvisor.fr/Restaurants-g196580-Nemours_Seine_et_Marne_Ile_de_France.html
92,Orly- Val-de-Marne,https://www.tripadvisor.fr/Restaurants-g1517286-Orly_Val_de_Marne_Ile_de_France.html
93,Sevres- Hauts-de-Seine,https://www.tripadvisor.fr/Restaurants-g1072112-Sevres_Hauts_de_Seine_Ile_de_France.html
94,Epinay sur seine- Seine-Saint-Denis,https://www.tripadvisor.fr/Restaurants-g1067691-Epinay_sur_Seine_Seine_Saint_Denis_Ile_de_France.html
95,Drancy- Seine-Saint-Denis,https://www.tripadvisor.fr/Restaurants-g1080240-Drancy_Seine_Saint_Denis_Ile_de_France.html
96,Bezons- Val-d'Oise,https://www.tripadvisor.fr/Restaurants-g651711-Bezons_Val_d_Oise_Ile_de_France.html
97,Le Vesinet- Yvelines,https://www.tripadvisor.fr/Restaurants-g801281-Le_Vesinet_Yvelines_Ile_de_France.html
98,Claye Souilly- Seine-et-Marne,https://www.tripadvisor.fr/Restaurants-g1025635-Claye_Souilly_Seine_et_Marne_Ile_de_France.html
99,Montereau-Fault-Yonne- Seine-et-Marne,https://www.tripadvisor.fr/Restaurants-g1941140-Montereau_Fault_Yonne_Seine_et_Marne_Ile_de_France.html
100,Montmorency- Val-d'Oise,https://www.tripadvisor.fr/Restaurants-g1941143-Montmorency_Val_d_Oise_Ile_de_France.html
101,Livry-Gargan- Seine-Saint-Denis,https://www.tripadvisor.fr/Restaurants-g1080273-Livry_Gargan_Seine_Saint_Denis_Ile_de_France.html
102,Bois Colombes- Hauts-de-Seine,https://www.tripadvisor.fr/Restaurants-g1439327-Bois_Colombes_Hauts_de_Seine_Ile_de_France.html
103,Villeparisis- Seine-et-Marne,https://www.tripadvisor.fr/Restaurants-g1165125-Villeparisis_Seine_et_Marne_Ile_de_France.html
104,Gonesse- Val-d'Oise,https://www.tripadvisor.fr/Restaurants-g196568-Gonesse_Val_d_Oise_Ile_de_France.html
105,La Plaine-Saint-Denis- Seine-Saint-Denis,https://www.tripadvisor.fr/Restaurants-g1940665-La_Plaine_Saint_Denis_Seine_Saint_Denis_Ile_de_France.html
106,Yerres- Essonne,https://www.tripadvisor.fr/Restaurants-g315798-Yerres_Essonne_Ile_de_France.html
107,La Courneuve- Seine-Saint-Denis,https://www.tripadvisor.fr/Restaurants-g1136264-La_Courneuve_Seine_Saint_Denis_Ile_de_France.html
108,Brunoy- Essonne,https://www.tripadvisor.fr/Restaurants-g2135828-Brunoy_Essonne_Ile_de_France.html
109,Le Plessis-Robinson- Hauts-de-Seine,https://www.tripadvisor.fr/Restaurants-g1548171-Le_Plessis_Robinson_Hauts_de_Seine_Ile_de_France.html
110,Brie-Comte-Robert- Seine-et-Marne,https://www.tripadvisor.fr/Restaurants-g661457-Brie_Comte_Robert_Seine_et_Marne_Ile_de_France.html
111,Viry-Châtillon- Essonne,https://www.tripadvisor.fr/Restaurants-g196595-Viry_Chatillon_Essonne_Ile_de_France.html
112,Neuilly-sur-Marne- Seine-Saint-Denis,https://www.tripadvisor.fr/Restaurants-g2009283-Neuilly_sur_Marne_Seine_Saint_Denis_Ile_de_France.html
113,Guyancourt- Yvelines,https://www.tripadvisor.fr/Restaurants-g1210742-Guyancourt_Yvelines_Ile_de_France.html
114,Les Pavillons-sous-Bois- Seine-Saint-Denis,https://www.tripadvisor.fr/Restaurants-g2634185-Les_Pavillons_Sous_Bois_Seine_Saint_Denis_Ile_de_France.html
115,Orsay- Essonne,https://www.tripadvisor.fr/Restaurants-g1390096-Orsay_Essonne_Ile_de_France.html
116,Gentilly- Val-de-Marne,https://www.tripadvisor.fr/Restaurants-g227892-Gentilly_Val_de_Marne_Ile_de_France.html
117,Arpajon- Essonne,https://www.tripadvisor.fr/Restaurants-g1439395-Arpajon_Essonne_Ile_de_France.html
118,Plaisir- Yvelines,https://www.tripadvisor.fr/Restaurants-g661262-Plaisir_Yvelines_Ile_de_France.html
119,Houilles- Yvelines,https://www.tripadvisor.fr/Restaurants-g1899404-Houilles_Yvelines_Ile_de_France.html
120,Maurepas- Yvelines,https://www.tripadvisor.fr/Restaurants-g1123284-Maurepas_Yvelines_Ile_de_France.html
121,Brétigny-sur-Orge- Essonne,https://www.tripadvisor.fr/Restaurants-g226867-Bretigny_sur_Orge_Essonne_Ile_de_France.html
122,Villeneuve-la-Garenne- Hauts-de-Seine,https://www.tripadvisor.fr/Restaurants-g1080098-Villeneuve_la_Garenne_Hauts_de_Seine_Ile_de_France.html
123,Joinville-le-Pont- Val-de-Marne,https://www.tripadvisor.fr/Restaurants-g1076282-Joinville_le_Pont_Val_de_Marne_Ile_de_France.html
124,Bagneux- Hauts-de-Seine,https://www.tripadvisor.fr/Restaurants-g1808426-Bagneux_Hauts_de_Seine_Ile_de_France.html
125,Les Lilas- Seine-Saint-Denis,https://www.tripadvisor.fr/Restaurants-g1227935-Les_Lilas_Seine_Saint_Denis_Ile_de_France.html
126,Chevilly Larue- Val-de-Marne,https://www.tripadvisor.fr/Restaurants-g1136265-Chevilly_Larue_Val_de_Marne_Ile_de_France.html
127,Bonneuil-sur-Marne- Val-de-Marne,https://www.tripadvisor.fr/Restaurants-g661455-Bonneuil_sur_Marne_Val_de_Marne_Ile_de_France.html
128,Bourg-la-Reine- Hauts-de-Seine,https://www.tripadvisor.fr/Restaurants-g2531491-Bourg_la_Reine_Hauts_de_Seine_Ile_de_France.html
129,Ris-Orangis- Essonne,https://www.tripadvisor.fr/Restaurants-g5238008-Ris_Orangis_Essonne_Ile_de_France.html
130,Orgeval- Yvelines,https://www.tripadvisor.fr/Restaurants-g488285-Orgeval_Yvelines_Ile_de_France.html
131,Dammarie-les-Lys- Seine-et-Marne,https://www.tripadvisor.fr/Restaurants-g661463-Dammarie_les_Lys_Seine_et_Marne_Ile_de_France.html
132,Saint Brice Sous Foret- Val-d'Oise,https://www.tripadvisor.fr/Restaurants-g1055980-Saint_Brice_Sous_Foret_Val_d_Oise_Ile_de_France.html
133,Marly-le-Roi- Yvelines,https://www.tripadvisor.fr/Restaurants-g1594760-Marly_le_Roi_Yvelines_Ile_de_France.html
134,Herblay- Val-d'Oise,https://www.tripadvisor.fr/Restaurants-g1080277-Herblay_Val_d_Oise_Ile_de_France.html
135,Villeneuve-le-Roi- Val-de-Marne,https://www.tripadvisor.fr/Restaurants-g1080258-Villeneuve_le_Roi_Val_de_Marne_Ile_de_France.html
136,Les Ulis- Essonne,https://www.tripadvisor.fr/Restaurants-g196573-Les_Ulis_Essonne_Ile_de_France.html
137,Longjumeau- Essonne,https://www.tripadvisor.fr/Restaurants-g1940699-Longjumeau_Essonne_Ile_de_France.html
138,Montgeron- Essonne,https://www.tripadvisor.fr/Restaurants-g1210848-Montgeron_Essonne_Ile_de_France.html
139,Draveil- Essonne,https://www.tripadvisor.fr/Restaurants-g608773-Draveil_Essonne_Ile_de_France.html
140,Auvers-sur-Oise- Val-d'Oise,https://www.tripadvisor.fr/Restaurants-g562716-Auvers_sur_Oise_Val_d_Oise_Ile_de_France.html
141,Montfort-l'Amaury- Yvelines,https://www.tripadvisor.fr/Restaurants-g580144-Montfort_l_Amaury_Yvelines_Ile_de_France.html
142,Chatenay-Malabry- Hauts-de-Seine,https://www.tripadvisor.fr/Restaurants-g790300-Chatenay_Malabry_Hauts_de_Seine_Ile_de_France.html
143,Mennecy- Essonne,https://www.tripadvisor.fr/Restaurants-g1572931-Mennecy_Essonne_Ile_de_France.html
144,Stains- Seine-Saint-Denis,https://www.tripadvisor.fr/Restaurants-g1158607-Stains_Seine_Saint_Denis_Ile_de_France.html
145,Dourdan- Essonne,https://www.tripadvisor.fr/Restaurants-g1080249-Dourdan_Essonne_Ile_de_France.html
146,Neuilly-Plaisance- Seine-Saint-Denis,https://www.tripadvisor.fr/Restaurants-g1080271-Neuilly_Plaisance_Seine_Saint_Denis_Ile_de_France.html
147,Villepinte- Seine-Saint-Denis,https://www.tripadvisor.fr/Restaurants-g196594-Villepinte_Seine_Saint_Denis_Ile_de_France.html
148,Gif-sur-Yvette- Essonne,https://www.tripadvisor.fr/Restaurants-g776216-Gif_sur_Yvette_Essonne_Ile_de_France.html
149,L'Haÿ-les-Roses- Val-de-Marne,https://www.tripadvisor.fr/Restaurants-g2261477-L_Hay_les_Roses_Val_de_Marne_Ile_de_France.html
150,Sucy-en-Brie- Val-de-Marne,https://www.tripadvisor.fr/Restaurants-g1158599-Sucy_en_Brie_Val_de_Marne_Ile_de_France.html
151,Saint-Fargeau-Ponthierry- Seine-et-Marne,https://www.tripadvisor.fr/Restaurants-g1582576-Saint_Fargeau_Ponthierry_Seine_et_Marne_Ile_de_France.html
152,Houdan- Yvelines,https://www.tripadvisor.fr/Restaurants-g1676294-Houdan_Yvelines_Ile_de_France.html
153,Bry-sur-Marne- Val-de-Marne,https://www.tripadvisor.fr/Restaurants-g675054-Bry_sur_Marne_Val_de_Marne_Ile_de_France.html
154,Bondy- Seine-Saint-Denis,https://www.tripadvisor.fr/Restaurants-g1939775-Bondy_Seine_Saint_Denis_Ile_de_France.html
155,Cormeilles-en-Parisis- Val-d'Oise,https://www.tripadvisor.fr/Restaurants-g2239857-Cormeilles_en_Parisis_Val_d_Oise_Ile_de_France.html
156,Goussainville- Val-d'Oise,https://www.tripadvisor.fr/Restaurants-g562717-Goussainville_Val_d_Oise_Ile_de_France.html
157,Juvisy-sur-Orge- Essonne,https://www.tripadvisor.fr/Restaurants-g3420893-Juvisy_sur_Orge_Essonne_Ile_de_France.html
158,Saint Cyr l'Ecole- Yvelines,https://www.tripadvisor.fr/Restaurants-g1055979-Saint_Cyr_l_Ecole_Yvelines_Ile_de_France.html
159,Moret-sur-Loing- Seine-et-Marne,https://www.tripadvisor.fr/Restaurants-g674098-Moret_sur_Loing_Seine_et_Marne_Ile_de_France.html
160,Pierrelaye- Val-d'Oise,https://www.tripadvisor.fr/Restaurants-g1158598-Pierrelaye_Val_d_Oise_Ile_de_France.html
161,Noisy-le-Sec- Seine-Saint-Denis,https://www.tripadvisor.fr/Restaurants-g4973295-Noisy_le_Sec_Seine_Saint_Denis_Ile_de_France.html
162,Sarcelles- Val-d'Oise,https://www.tripadvisor.fr/Restaurants-g1080100-Sarcelles_Val_d_Oise_Ile_de_France.html
163,Chilly-Mazarin- Essonne,https://www.tripadvisor.fr/Restaurants-g666454-Chilly_Mazarin_Essonne_Ile_de_France.html
164,Éragny-sur-Oise- Val-d'Oise,https://www.tripadvisor.fr/Restaurants-g1080253-Eragny_sur_Oise_Val_d_Oise_Ile_de_France.html
165,Trappes- Yvelines,https://www.tripadvisor.fr/Restaurants-g1052741-Trappes_Yvelines_Ile_de_France.html
166,Montesson- Yvelines,https://www.tripadvisor.fr/Restaurants-g661651-Montesson_Yvelines_Ile_de_France.html
167,Sannois- Val-d'Oise,https://www.tripadvisor.fr/Restaurants-g661715-Sannois_Val_d_Oise_Ile_de_France.html
168,Fontenay-aux-Roses- Hauts-de-Seine,https://www.tripadvisor.fr/Restaurants-g1395189-Fontenay_aux_Roses_Hauts_de_Seine_Ile_de_France.html
169,Le Raincy- Seine-Saint-Denis,https://www.tripadvisor.fr/Restaurants-g6908306-Le_Raincy_Seine_Saint_Denis_Ile_de_France.html
170,Athis-Mons- Essonne,https://www.tripadvisor.fr/Restaurants-g783943-Athis_Mons_Essonne_Ile_de_France.html
171,Chambourcy- Yvelines,https://www.tripadvisor.fr/Restaurants-g1158730-Chambourcy_Yvelines_Ile_de_France.html
172,La Varenne-Saint-Hilaire- Val-de-Marne,https://www.tripadvisor.fr/Restaurants-g3464972-La_Varenne_Saint_Hilaire_Val_de_Marne_Ile_de_France.html
173,Chaville- Hauts-de-Seine,https://www.tripadvisor.fr/Restaurants-g661461-Chaville_Hauts_de_Seine_Ile_de_France.html
174,Milly-la-Foret- Essonne,https://www.tripadvisor.fr/Restaurants-g1473574-Milly_la_Foret_Essonne_Ile_de_France.html
175,Romainville- Seine-Saint-Denis,https://www.tripadvisor.fr/Restaurants-g4366453-Romainville_Seine_Saint_Denis_Ile_de_France.html
176,Saint-Leu-la-Foret- Val-d'Oise,https://www.tripadvisor.fr/Restaurants-g1532017-Saint_Leu_la_Foret_Val_d_Oise_Ile_de_France.html
177,Domont- Val-d'Oise,https://www.tripadvisor.fr/Restaurants-g1220851-Domont_Val_d_Oise_Ile_de_France.html
178,Bougival- Yvelines,https://www.tripadvisor.fr/Restaurants-g227609-Bougival_Yvelines_Ile_de_France.html
179,Morangis- Essonne,https://www.tripadvisor.fr/Restaurants-g1221109-Morangis_Essonne_Ile_de_France.html
180,Villeneuve-Saint-Georges- Val-de-Marne,https://www.tripadvisor.fr/Restaurants-g608781-Villeneuve_Saint_Georges_Val_de_Marne_Ile_de_France.html
181,Les Mureaux- Yvelines,https://www.tripadvisor.fr/Restaurants-g226953-Les_Mureaux_Yvelines_Ile_de_France.html
182,Eaubonne- Val-d'Oise,https://www.tripadvisor.fr/Restaurants-g1080251-Eaubonne_Val_d_Oise_Ile_de_France.html
183,Barbizon- Seine-et-Marne,https://www.tripadvisor.fr/Restaurants-g196559-Barbizon_Seine_et_Marne_Ile_de_France.html
184,Vigneux-sur-Seine- Essonne,https://www.tripadvisor.fr/Restaurants-g1080259-Vigneux_sur_Seine_Essonne_Ile_de_France.html
185,Villiers-sur-Marne- Val-de-Marne,https://www.tripadvisor.fr/Restaurants-g1457346-Villiers_sur_Marne_Val_de_Marne_Ile_de_France.html
186,Combs-la-Ville- Seine-et-Marne,https://www.tripadvisor.fr/Restaurants-g3596604-Combs_la_Ville_Seine_et_Marne_Ile_de_France.html
187,Chennevières-sur-Marne- Val-de-Marne,https://www.tripadvisor.fr/Restaurants-g2088250-Chennevieres_sur_Marne_Val_de_Marne_Ile_de_France.html
188,Acheres- Yvelines,https://www.tripadvisor.fr/Restaurants-g1051950-Acheres_Yvelines_Ile_de_France.html
189,Bailly-Romainvilliers- Seine-et-Marne,https://www.tripadvisor.fr/Restaurants-g1221082-Bailly_Romainvilliers_Seine_et_Marne_Ile_de_France.html
190,Gagny- Seine-Saint-Denis,https://www.tripadvisor.fr/Restaurants-g2192029-Gagny_Seine_Saint_Denis_Ile_de_France.html
191,Bois-d'Arcy- Yvelines,https://www.tripadvisor.fr/Restaurants-g3924051-Bois_d_Arcy_Yvelines_Ile_de_France.html
192,Cesson- Seine-et-Marne,https://www.tripadvisor.fr/Restaurants-g1210775-Cesson_Seine_et_Marne_Ile_de_France.html
193,Limeil-Brévannes- Val-de-Marne,https://www.tripadvisor.fr/Restaurants-g5433754-Limeil_Brevannes_Val_de_Marne_Ile_de_France.html
194,Montlhery- Essonne,https://www.tripadvisor.fr/Restaurants-g1389090-Montlhery_Essonne_Ile_de_France.html
195,Mantes-la-Ville- Yvelines,https://www.tripadvisor.fr/Restaurants-g5978687-Mantes_la_Ville_Yvelines_Ile_de_France.html
196,Ormesson-sur-Marne- Val-de-Marne,https://www.tripadvisor.fr/Restaurants-g3373640-Ormesson_sur_Marne_Val_de_Marne_Ile_de_France.html
197,Carrieres-sous-Poissy- Yvelines,https://www.tripadvisor.fr/Restaurants-g1439407-Carrieres_sous_Poissy_Yvelines_Ile_de_France.html
198,Fresnes- Val-de-Marne,https://www.tripadvisor.fr/Restaurants-g1067693-Fresnes_Val_de_Marne_Ile_de_France.html
199,Ermont- Val-d'Oise,https://www.tripadvisor.fr/Restaurants-g5897220-Ermont_Val_d_Oise_Ile_de_France.html
200,Mareuil-lès-Meaux- Seine-et-Marne,https://www.tripadvisor.fr/Restaurants-g651712-Mareuil_Les_Meaux_Seine_et_Marne_Ile_de_France.html
201,Villebon-sur-Yvette- Essonne,https://www.tripadvisor.fr/Restaurants-g1389095-Villebon_sur_Yvette_Essonne_Ile_de_France.html
202,Ozoir-la-Ferrière- Seine-et-Marne,https://www.tripadvisor.fr/Restaurants-g1110613-Ozoir_la_Ferriere_Seine_et_Marne_Ile_de_France.html
203,Paray-Vieille-Poste- Essonne,https://www.tripadvisor.fr/Restaurants-g2034240-Paray_Vieille_Poste_Essonne_Ile_de_France.html
204,Sevran- Seine-Saint-Denis,https://www.tripadvisor.fr/Restaurants-g641860-Sevran_Seine_Saint_Denis_Ile_de_France.html
205,Courcouronnes- Essonne,https://www.tripadvisor.fr/Restaurants-g1080246-Courcouronnes_Essonne_Ile_de_France.html
206,Élancourt- Yvelines,https://www.tripadvisor.fr/Restaurants-g1940436-Elancourt_Yvelines_Ile_de_France.html
207,Grigny- Essonne,https://www.tripadvisor.fr/Restaurants-g1165295-Grigny_Essonne_Ile_de_France.html
208,Morsang-sur-Orge- Essonne,https://www.tripadvisor.fr/Restaurants-g1932351-Morsang_sur_Orge_Essonne_Ile_de_France.html
209,Gournay-sur-Marne- Seine-Saint-Denis,https://www.tripadvisor.fr/Restaurants-g2539901-Gournay_sur_Marne_Seine_Saint_Denis_Ile_de_France.html
210,Verrières-le-Buisson- Essonne,https://www.tripadvisor.fr/Restaurants-g1078665-Verrieres_le_Buisson_Essonne_Ile_de_France.html
211,Esbly- Seine-et-Marne,https://www.tripadvisor.fr/Restaurants-g2642491-Esbly_Seine_et_Marne_Ile_de_France.html
212,Saint Maurice- Val-de-Marne,https://www.tripadvisor.fr/Restaurants-g1158724-Saint_Maurice_Val_de_Marne_Ile_de_France.html
213,La Ferté-sous-Jouarre- Seine-et-Marne,https://www.tripadvisor.fr/Restaurants-g187146-La_Ferte_sous_Jouarre_Seine_et_Marne_Ile_de_France.html
214,Vaucresson- Hauts-de-Seine,https://www.tripadvisor.fr/Restaurants-g790299-Vaucresson_Hauts_de_Seine_Ile_de_France.html
215,Osny- Val-d'Oise,https://www.tripadvisor.fr/Restaurants-g656499-Osny_Val_d_Oise_Ile_de_France.html
216,Saint-Witz- Val-d'Oise,https://www.tripadvisor.fr/Restaurants-g661711-Saint_Witz_Val_d_Oise_Ile_de_France.html
217,Magny-en-Vexin- Val-d'Oise,https://www.tripadvisor.fr/Restaurants-g2658507-Magny_en_Vexin_Val_d_Oise_Ile_de_France.html
218,La Queue-en-Brie- Val-de-Marne,https://www.tripadvisor.fr/Restaurants-g1221096-La_Queue_en_Brie_Val_de_Marne_Ile_de_France.html
219,Vaires-sur-Marne- Seine-et-Marne,https://www.tripadvisor.fr/Restaurants-g2587180-Vaires_sur_Marne_Seine_et_Marne_Ile_de_France.html
220,Vauréal- Val-d'Oise,https://www.tripadvisor.fr/Restaurants-g4126372-Vaureal_Val_d_Oise_Ile_de_France.html
221,La Ville Du Bois- Essonne,https://www.tripadvisor.fr/Restaurants-g1067694-La_Ville_Du_Bois_Essonne_Ile_de_France.html
222,Le Bourget- Seine-Saint-Denis,https://www.tripadvisor.fr/Restaurants-g790301-Le_Bourget_Seine_Saint_Denis_Ile_de_France.html
223,Croissy-sur-Seine- Yvelines,https://www.tripadvisor.fr/Restaurants-g1426252-Croissy_sur_Seine_Yvelines_Ile_de_France.html
224,Saint-Arnoult-en-Yvelines- Yvelines,https://www.tripadvisor.fr/Restaurants-g661720-Saint_Arnoult_en_Yvelines_Yvelines_Ile_de_France.html
225,Le Pré Saint Gervais- Seine-Saint-Denis,https://www.tripadvisor.fr/Restaurants-g1940681-Le_Pre_Saint_Gervais_Seine_Saint_Denis_Ile_de_France.html
226,Soisy-sous-Montmorency- Val-d'Oise,https://www.tripadvisor.fr/Restaurants-g3697864-Soisy_sous_Montmorency_Val_d_Oise_Ile_de_France.html
227,La-Celle-Saint-Cloud- Yvelines,https://www.tripadvisor.fr/Restaurants-g1932625-La_Celle_Saint_Cloud_Yvelines_Ile_de_France.html
228,Lisses- Essonne,https://www.tripadvisor.fr/Restaurants-g1238366-Lisses_Essonne_Ile_de_France.html
229,Le Pecq- Yvelines,https://www.tripadvisor.fr/Restaurants-g2616753-Le_Pecq_Yvelines_Ile_de_France.html
230,Ville D'Avray- Hauts-de-Seine,https://www.tripadvisor.fr/Restaurants-g608780-Ville_D_Avray_Hauts_de_Seine_Ile_de_France.html
231,Bondoufle- Essonne,https://www.tripadvisor.fr/Restaurants-g1389081-Bondoufle_Essonne_Ile_de_France.html
232,Le Mesnil-Amelot- Seine-et-Marne,https://www.tripadvisor.fr/Restaurants-g226869-Le_Mesnil_Amelot_Seine_et_Marne_Ile_de_France.html
233,Aubergenville- Yvelines,https://www.tripadvisor.fr/Restaurants-g3206732-Aubergenville_Yvelines_Ile_de_France.html
234,Dammartin-en-Goële- Seine-et-Marne,https://www.tripadvisor.fr/Restaurants-g7718539-Dammartin_en_Goele_Seine_et_Marne_Ile_de_France.html
235,Avrainville- Essonne,https://www.tripadvisor.fr/Restaurants-g4090681-Avrainville_Essonne_Ile_de_France.html
236,Mery sur Oise- Val-d'Oise,https://www.tripadvisor.fr/Restaurants-g1165296-Mery_sur_Oise_Val_d_Oise_Ile_de_France.html
237,Pierrefitte-sur-Seine- Seine-Saint-Denis,https://www.tripadvisor.fr/Restaurants-g1937719-Pierrefitte_sur_Seine_Seine_Saint_Denis_Ile_de_France.html
238,Montigny-lès-Cormeilles- Val-d'Oise,https://www.tripadvisor.fr/Restaurants-g8328530-Montigny_les_Cormeilles_Val_d_Oise_Ile_de_France.html
239,Boissy-Saint-Leger- Val-de-Marne,https://www.tripadvisor.fr/Restaurants-g667016-Boissy_Saint_Leger_Val_de_Marne_Ile_de_France.html
240,Savigny-le-Temple- Seine-et-Marne,https://www.tripadvisor.fr/Restaurants-g651714-Savigny_le_Temple_Seine_et_Marne_Ile_de_France.html
241,Mitry-Mory- Seine-et-Marne,https://www.tripadvisor.fr/Restaurants-g7335464-Mitry_Mory_Seine_et_Marne_Ile_de_France.html
242,Maule- Yvelines,https://www.tripadvisor.fr/Restaurants-g1941109-Maule_Yvelines_Ile_de_France.html
243,Villabé- Essonne,https://www.tripadvisor.fr/Restaurants-g2464384-Villabe_Essonne_Ile_de_France.html
244,Tournan-en-Brie- Seine-et-Marne,https://www.tripadvisor.fr/Restaurants-g2161306-Tournan_en_Brie_Seine_et_Marne_Ile_de_France.html
245,Deuil-la-Barre- Val-d'Oise,https://www.tripadvisor.fr/Restaurants-g2193211-Deuil_la_Barre_Val_d_Oise_Ile_de_France.html
246,Nanteuil-lès-Meaux- Seine-et-Marne,https://www.tripadvisor.fr/Restaurants-g661383-Nanteuil_les_Meaux_Seine_et_Marne_Ile_de_France.html
247,Villejust- Essonne,https://www.tripadvisor.fr/Restaurants-g503709-Villejust_Essonne_Ile_de_France.html
248,Taverny- Val-d'Oise,https://www.tripadvisor.fr/Restaurants-g1080267-Taverny_Val_d_Oise_Ile_de_France.html
249,Ormoy- Essonne,https://www.tripadvisor.fr/Restaurants-g1165292-Ormoy_Essonne_Ile_de_France.html
250,Nangis- Seine-et-Marne,https://www.tripadvisor.fr/Restaurants-g6478858-Nangis_Seine_et_Marne_Ile_de_France.html
251,Vaujours- Seine-Saint-Denis,https://www.tripadvisor.fr/Restaurants-g1945729-Vaujours_Seine_Saint_Denis_Ile_de_France.html
252,Louveciennes- Yvelines,https://www.tripadvisor.fr/Restaurants-g1055974-Louveciennes_Yvelines_Ile_de_France.html
253,Andresy- Yvelines,https://www.tripadvisor.fr/Restaurants-g1511779-Andresy_Yvelines_Ile_de_France.html
254,Le Port-Marly- Yvelines,https://www.tripadvisor.fr/Restaurants-g1026479-Le_Port_Marly_Yvelines_Ile_de_France.html
255,Moissy-Cramayel- Seine-et-Marne,https://www.tripadvisor.fr/Restaurants-g651713-Moissy_Cramayel_Seine_et_Marne_Ile_de_France.html
256,Gretz-Armainvilliers- Seine-et-Marne,https://www.tripadvisor.fr/Restaurants-g4972991-Gretz_Armainvilliers_Seine_et_Marne_Ile_de_France.html
257,Cernay-la-Ville- Yvelines,https://www.tripadvisor.fr/Restaurants-g482912-Cernay_la_Ville_Yvelines_Ile_de_France.html
258,La Ferte-Gaucher- Seine-et-Marne,https://www.tripadvisor.fr/Restaurants-g1175207-La_Ferte_Gaucher_Seine_et_Marne_Ile_de_France.html
259,Ozoir la Ferrière- Seine-et-Marne,https://www.tripadvisor.fr/Restaurants-g2136806-Ozoir_la_Ferriere_Seine_et_Marne_Ile_de_France.html
260,Couilly-Pont-aux-Dames- Seine-et-Marne,https://www.tripadvisor.fr/Restaurants-g1009384-Couilly_Pont_aux_Dames_Seine_et_Marne_Ile_de_France.html
261,Chevreuse- Yvelines,https://www.tripadvisor.fr/Restaurants-g641858-Chevreuse_Yvelines_Ile_de_France.html
262,Noisiel- Seine-et-Marne,https://www.tripadvisor.fr/Restaurants-g6772493-Noisiel_Seine_et_Marne_Ile_de_France.html
263,Noisy-le-Roi- Yvelines,https://www.tripadvisor.fr/Restaurants-g4468727-Noisy_le_Roi_Yvelines_Ile_de_France.html
264,Beaumont-sur-Oise- Val-d'Oise,https://www.tripadvisor.fr/Restaurants-g3135388-Beaumont_sur_Oise_Val_d_Oise_Ile_de_France.html
265,Meulan- Yvelines,https://www.tripadvisor.fr/Restaurants-g1219684-Meulan_Yvelines_Ile_de_France.html
266,Saint-Michel-Sur-Orge- Essonne,https://www.tripadvisor.fr/Restaurants-g1219691-Saint_Michel_Sur_Orge_Essonne_Ile_de_France.html
267,Vert-Saint-Denis- Seine-et-Marne,https://www.tripadvisor.fr/Restaurants-g656500-Vert_Saint_Denis_Seine_et_Marne_Ile_de_France.html
268,Villecresnes- Val-de-Marne,https://www.tripadvisor.fr/Restaurants-g1945736-Villecresnes_Val_de_Marne_Ile_de_France.html
269,Bièvres- Essonne,https://www.tripadvisor.fr/Restaurants-g2184380-Bievres_Essonne_Ile_de_France.html
270,Lesigny- Seine-et-Marne,https://www.tripadvisor.fr/Restaurants-g1062063-Lesigny_Seine_et_Marne_Ile_de_France.html
271,Varennes-sur-Seine- Seine-et-Marne,https://www.tripadvisor.fr/Restaurants-g3697862-Varennes_sur_Seine_Seine_et_Marne_Ile_de_France.html
272,Wissous- Essonne,https://www.tripadvisor.fr/Restaurants-g5496182-Wissous_Essonne_Ile_de_France.html
273,Limay- Yvelines,https://www.tripadvisor.fr/Restaurants-g1210718-Limay_Yvelines_Ile_de_France.html
274,Triel-sur-Seine- Yvelines,https://www.tripadvisor.fr/Restaurants-g3249641-Triel_sur_Seine_Yvelines_Ile_de_France.html
275,Buchelay- Yvelines,https://www.tripadvisor.fr/Restaurants-g1389084-Buchelay_Yvelines_Ile_de_France.html
276,Villiers-le-Bel- Val-d'Oise,https://www.tripadvisor.fr/Restaurants-g226871-Villiers_le_Bel_Val_d_Oise_Ile_de_France.html
277,Le Plessis-Trévise- Val-de-Marne,https://www.tripadvisor.fr/Restaurants-g6637059-Le_Plessis_Trevise_Val_de_Marne_Ile_de_France.html
278,Crosne- Essonne,https://www.tripadvisor.fr/Restaurants-g1165124-Crosne_Essonne_Ile_de_France.html
279,Magny-les-Hameaux- Yvelines,https://www.tripadvisor.fr/Restaurants-g1439599-Magny_les_Hameaux_Yvelines_Ile_de_France.html
280,Carrieres-sur-Seine- Yvelines,https://www.tripadvisor.fr/Restaurants-g1655699-Carrieres_sur_Seine_Yvelines_Ile_de_France.html
281,Garges-Les-Gonesse- Val-d'Oise,https://www.tripadvisor.fr/Restaurants-g1080265-Garges_les_Gonesse_Val_d_Oise_Ile_de_France.html
282,Fontenay-Trésigny- Seine-et-Marne,https://www.tripadvisor.fr/Restaurants-g661473-Fontenay_Tresigny_Seine_et_Marne_Ile_de_France.html
283,Roissy-en-Brie- Seine-et-Marne,https://www.tripadvisor.fr/Restaurants-g7011530-Roissy_en_Brie_Seine_et_Marne_Ile_de_France.html
284,Beauchamp- Val-d'Oise,https://www.tripadvisor.fr/Restaurants-g4114702-Beauchamp_Val_d_Oise_Ile_de_France.html
285,Crecy-la-Chapelle- Seine-et-Marne,https://www.tripadvisor.fr/Restaurants-g1051974-Crecy_la_Chapelle_Seine_et_Marne_Ile_de_France.html
286,Fosses- Val-d'Oise,https://www.tripadvisor.fr/Restaurants-g4176287-Fosses_Val_d_Oise_Ile_de_France.html
287,Servon- Seine-et-Marne,https://www.tripadvisor.fr/Restaurants-g7713330-Servon_Seine_et_Marne_Ile_de_France.html
288,Saint-Germain-les-Corbeil- Essonne,https://www.tripadvisor.fr/Restaurants-g679680-Saint_Germain_les_Corbeil_Essonne_Ile_de_France.html
289,Saint-Remy-les-Chevreuse- Yvelines,https://www.tripadvisor.fr/Restaurants-g1673096-Saint_Remy_les_Chevreuse_Yvelines_Ile_de_France.html
290,Saulx-les-Chartreux- Essonne,https://www.tripadvisor.fr/Restaurants-g1439625-Saulx_les_Chartreux_Essonne_Ile_de_France.html
291,Fleury-Mérogis- Essonne,https://www.tripadvisor.fr/Restaurants-g1080257-Fleury_Merogis_Essonne_Ile_de_France.html
292,Dampierre-en-Yvelines- Yvelines,https://www.tripadvisor.fr/Restaurants-g1072111-Dampierre_en_Yvelines_Yvelines_Ile_de_France.html
293,Hardricourt- Yvelines,https://www.tripadvisor.fr/Restaurants-g1940552-Hardricourt_Yvelines_Ile_de_France.html
294,Jouars-Pontchartrain- Yvelines,https://www.tripadvisor.fr/Restaurants-g1984765-Jouars_Pontchartrain_Yvelines_Ile_de_France.html
295,Mouroux- Seine-et-Marne,https://www.tripadvisor.fr/Restaurants-g1055978-Mouroux_Seine_et_Marne_Ile_de_France.html
296,Itteville- Essonne,https://www.tripadvisor.fr/Restaurants-g608775-Itteville_Essonne_Ile_de_France.html
297,Longpont-sur-Orge- Essonne,https://www.tripadvisor.fr/Restaurants-g2713099-Longpont_sur_Orge_Essonne_Ile_de_France.html
298,Marcoussis- Essonne,https://www.tripadvisor.fr/Restaurants-g2720324-Marcoussis_Essonne_Ile_de_France.html
299,Verneuil Sur Seine- Yvelines,https://www.tripadvisor.fr/Restaurants-g1497696-Verneuil_Sur_Seine_Yvelines_Ile_de_France.html
300,Flins-sur-Seine- Yvelines,https://www.tripadvisor.fr/Restaurants-g3206729-Flins_sur_Seine_Yvelines_Ile_de_France.html
301,Moisselles- Val-d'Oise,https://www.tripadvisor.fr/Restaurants-g2464416-Moisselles_Val_d_Oise_Ile_de_France.html
302,Garches- Hauts-de-Seine,https://www.tripadvisor.fr/Restaurants-g2223784-Garches_Hauts_de_Seine_Ile_de_France.html
303,Linas- Essonne,https://www.tripadvisor.fr/Restaurants-g1067696-Linas_Essonne_Ile_de_France.html
304,Marines- Val-d'Oise,https://www.tripadvisor.fr/Restaurants-g4226715-Marines_Val_d_Oise_Ile_de_France.html
305,La Frette sur Seine- Val-d'Oise,https://www.tripadvisor.fr/Restaurants-g641859-La_Frette_sur_Seine_Val_d_Oise_Ile_de_France.html
306,Écouen- Val-d'Oise,https://www.tripadvisor.fr/Restaurants-g661466-Ecouen_Val_d_Oise_Ile_de_France.html
307,Épinay-sur-Orge- Essonne,https://www.tripadvisor.fr/Restaurants-g661471-Epinay_sur_Orge_Essonne_Ile_de_France.html
308,Quincy-sous-Senart- Essonne,https://www.tripadvisor.fr/Restaurants-g4171788-Quincy_sous_Senart_Essonne_Ile_de_France.html
309,Vaux-le-Penil- Seine-et-Marne,https://www.tripadvisor.fr/Restaurants-g1945727-Vaux_le_Penil_Seine_et_Marne_Ile_de_France.html
310,Souppes-sur-Loing- Seine-et-Marne,https://www.tripadvisor.fr/Restaurants-g1945706-Souppes_sur_Loing_Seine_et_Marne_Ile_de_France.html
311,Villeneuve-le-Comte- Seine-et-Marne,https://www.tripadvisor.fr/Restaurants-g1945741-Villeneuve_le_Comte_Seine_et_Marne_Ile_de_France.html
312,Arnouville- Val-d'Oise,https://www.tripadvisor.fr/Restaurants-g4713758-Arnouville_Val_d_Oise_Ile_de_France.html
313,Garancières- Yvelines,https://www.tripadvisor.fr/Restaurants-g804276-Garancieres_Yvelines_Ile_de_France.html
314,Valenton- Val-de-Marne,https://www.tripadvisor.fr/Restaurants-g651716-Valenton_Val_de_Marne_Ile_de_France.html
315,Le Mee-sur-Seine- Seine-et-Marne,https://www.tripadvisor.fr/Restaurants-g1582577-Le_Mee_sur_Seine_Seine_et_Marne_Ile_de_France.html
316,Saint-Prix- Val-d'Oise,https://www.tripadvisor.fr/Restaurants-g1210850-Saint_Prix_Val_d_Oise_Ile_de_France.html
317,Ézanville- Val-d'Oise,https://www.tripadvisor.fr/Restaurants-g6697567-Ezanville_Val_d_Oise_Ile_de_France.html
318,Lizy-sur-Ourcq- Seine-et-Marne,https://www.tripadvisor.fr/Restaurants-g4200963-Lizy_sur_Ourcq_Seine_et_Marne_Ile_de_France.html
319,Viarmes- Val-d'Oise,https://www.tripadvisor.fr/Restaurants-g4063927-Viarmes_Val_d_Oise_Ile_de_France.html
320,Le Coudray Montceaux- Essonne,https://www.tripadvisor.fr/Restaurants-g1067695-Le_Coudray_Montceaux_Essonne_Ile_de_France.html
321,Villennes-sur-Seine- Yvelines,https://www.tripadvisor.fr/Restaurants-g661230-Villennes_sur_Seine_Yvelines_Ile_de_France.html
322,Pringy- Seine-et-Marne,https://www.tripadvisor.fr/Restaurants-g7892625-Pringy_Seine_et_Marne_Ile_de_France.html
323,Rosny-sur-Seine- Yvelines,https://www.tripadvisor.fr/Restaurants-g1941310-Rosny_sur_Seine_Yvelines_Ile_de_France.html
324,La Queue-les-Yvelines- Yvelines,https://www.tripadvisor.fr/Restaurants-g4412191-La_Queue_les_Yvelines_Yvelines_Ile_de_France.html
325,Saint-Soupplets- Seine-et-Marne,https://www.tripadvisor.fr/Restaurants-g8029137-Saint_Soupplets_Seine_et_Marne_Ile_de_France.html
326,Epone- Yvelines,https://www.tripadvisor.fr/Restaurants-g661470-Epone_Yvelines_Ile_de_France.html
327,La Roche-Guyon- Val-d'Oise,https://www.tripadvisor.fr/Restaurants-g644104-La_Roche_Guyon_Val_d_Oise_Ile_de_France.html
328,Luzarches- Val-d'Oise,https://www.tripadvisor.fr/Restaurants-g1580055-Luzarches_Val_d_Oise_Ile_de_France.html
329,Bonnières-sur-Seine- Yvelines,https://www.tripadvisor.fr/Restaurants-g8429804-Bonnieres_sur_Seine_Yvelines_Ile_de_France.html
330,Chaufour-les-Bonnieres- Yvelines,https://www.tripadvisor.fr/Restaurants-g2335903-Chaufour_les_Bonnieres_Yvelines_Ile_de_France.html
331,Louvres- Val-d'Oise,https://www.tripadvisor.fr/Restaurants-g1940701-Louvres_Val_d_Oise_Ile_de_France.html
332,Clichy-Sous-Bois- Seine-et-Marne,https://www.tripadvisor.fr/Restaurants-g1087683-Clichy_Sous_Bois_Seine_et_Marne_Ile_de_France.html
333,Thoiry- Yvelines,https://www.tripadvisor.fr/Restaurants-g660740-Thoiry_Yvelines_Ile_de_France.html
334,Brou-sur-Chantereine- Seine-et-Marne,https://www.tripadvisor.fr/Restaurants-g1939782-Brou_sur_Chantereine_Seine_et_Marne_Ile_de_France.html
335,Le Mesnil-Saint-Denis- Yvelines,https://www.tripadvisor.fr/Restaurants-g6913644-Le_Mesnil_Saint_Denis_Yvelines_Ile_de_France.html
336,Thorigny-sur-Marne- Seine-et-Marne,https://www.tripadvisor.fr/Restaurants-g2068026-Thorigny_sur_Marne_Seine_et_Marne_Ile_de_France.html
337,Briis-sous-Forges- Essonne,https://www.tripadvisor.fr/Restaurants-g5970450-Briis_sous_Forges_Essonne_Ile_de_France.html
338,Saclay- Essonne,https://www.tripadvisor.fr/Restaurants-g1143390-Saclay_Essonne_Ile_de_France.html
339,Neauphle-le-Château- Yvelines,https://www.tripadvisor.fr/Restaurants-g482914-Neauphle_le_Chateau_Yvelines_Ile_de_France.html
340,Le Perray-en-Yvelines- Yvelines,https://www.tripadvisor.fr/Restaurants-g2464407-Le_Perray_en_Yvelines_Yvelines_Ile_de_France.html
341,Feucherolles- Yvelines,https://www.tripadvisor.fr/Restaurants-g2205474-Feucherolles_Yvelines_Ile_de_France.html
342,Persan- Val-d'Oise,https://www.tripadvisor.fr/Restaurants-g8547242-Persan_Val_d_Oise_Ile_de_France.html
343,Gazeran- Yvelines,https://www.tripadvisor.fr/Restaurants-g1673090-Gazeran_Yvelines_Ile_de_France.html
344,La Verriere- Yvelines,https://www.tripadvisor.fr/Restaurants-g661486-La_Verriere_Yvelines_Ile_de_France.html
345,Les Essarts-le-Roi- Yvelines,https://www.tripadvisor.fr/Restaurants-g8426637-Les_Essarts_le_Roi_Yvelines_Ile_de_France.html
346,Saint-Aubin- Essonne,https://www.tripadvisor.fr/Restaurants-g6653035-Saint_Aubin_Essonne_Ile_de_France.html
347,Marolles-en-Brie- Val-de-Marne,https://www.tripadvisor.fr/Restaurants-g4738167-Marolles_en_Brie_Val_de_Marne_Ile_de_France.html
348,Groslay- Val-d'Oise,https://www.tripadvisor.fr/Restaurants-g4545874-Groslay_Val_d_Oise_Ile_de_France.html
349,Fourqueux- Yvelines,https://www.tripadvisor.fr/Restaurants-g5996849-Fourqueux_Yvelines_Ile_de_France.html
350,Saint-Nom-la-Bretèche- Yvelines,https://www.tripadvisor.fr/Restaurants-g4036023-Saint_Nom_la_Breteche_Yvelines_Ile_de_France.html
351,Bures-sur-Yvette- Essonne,https://www.tripadvisor.fr/Restaurants-g1214887-Bures_sur_Yvette_Essonne_Ile_de_France.html
352,Villemoisson-sur-Orge- Essonne,https://www.tripadvisor.fr/Restaurants-g1968638-Villemoisson_sur_Orge_Essonne_Ile_de_France.html
353,Juziers- Yvelines,https://www.tripadvisor.fr/Restaurants-g2308639-Juziers_Yvelines_Ile_de_France.html
354,Saint-Denis-les-Rebais- Seine-et-Marne,https://www.tripadvisor.fr/Restaurants-g1486420-Saint_Denis_les_Rebais_Seine_et_Marne_Ile_de_France.html
355,Angerville- Essonne,https://www.tripadvisor.fr/Restaurants-g482911-Angerville_Essonne_Ile_de_France.html
356,Saint-Mammes- Seine-et-Marne,https://www.tripadvisor.fr/Restaurants-g1096268-Saint_Mammes_Seine_et_Marne_Ile_de_France.html
357,Quincy-Voisins- Seine-et-Marne,https://www.tripadvisor.fr/Restaurants-g3407427-Quincy_Voisins_Seine_et_Marne_Ile_de_France.html
358,Maisse- Essonne,https://www.tripadvisor.fr/Restaurants-g2305628-Maisse_Essonne_Ile_de_France.html
359,Montry- Seine-et-Marne,https://www.tripadvisor.fr/Restaurants-g1941144-Montry_Seine_et_Marne_Ile_de_France.html
360,Saint-Germain-sur-Morin- Seine-et-Marne,https://www.tripadvisor.fr/Restaurants-g11971128-Saint_Germain_sur_Morin_Seine_et_Marne_Ile_de_France.html
361,Chaumes En Brie- Seine-et-Marne,https://www.tripadvisor.fr/Restaurants-g1067690-Chaumes_En_Brie_Seine_et_Marne_Ile_de_France.html
362,Beynes- Yvelines,https://www.tripadvisor.fr/Restaurants-g1934074-Beynes_Yvelines_Ile_de_France.html
363,Bray-sur-Seine- Seine-et-Marne,https://www.tripadvisor.fr/Restaurants-g1594103-Bray_sur_Seine_Seine_et_Marne_Ile_de_France.html
364,Breuillet- Essonne,https://www.tripadvisor.fr/Restaurants-g4087657-Breuillet_Essonne_Ile_de_France.html
365,Coubert- Seine-et-Marne,https://www.tripadvisor.fr/Restaurants-g3462078-Coubert_Seine_et_Marne_Ile_de_France.html
366,Étréchy- Essonne,https://www.tripadvisor.fr/Restaurants-g6123459-Etrechy_Essonne_Ile_de_France.html
367,Limours- Essonne,https://www.tripadvisor.fr/Restaurants-g3940334-Limours_Essonne_Ile_de_France.html
368,Rubelles- Seine-et-Marne,https://www.tripadvisor.fr/Restaurants-g1080270-Rubelles_Seine_et_Marne_Ile_de_France.html
369,Vetheuil- Val-d'Oise,https://www.tripadvisor.fr/Restaurants-g2281516-Vetheuil_Val_d_Oise_Ile_de_France.html
370,Champcueil- Essonne,https://www.tripadvisor.fr/Restaurants-g6440061-Champcueil_Essonne_Ile_de_France.html
371,La Chapelle la Reine- Seine-et-Marne,https://www.tripadvisor.fr/Restaurants-g656498-La_Chapelle_la_Reine_Seine_et_Marne_Ile_de_France.html
372,Neuville-sur-Oise- Val-d'Oise,https://www.tripadvisor.fr/Restaurants-g4878389-Neuville_sur_Oise_Val_d_Oise_Ile_de_France.html
373,Parmain- Val-d'Oise,https://www.tripadvisor.fr/Restaurants-g5426221-Parmain_Val_d_Oise_Ile_de_France.html
374,Gargenville- Yvelines,https://www.tripadvisor.fr/Restaurants-g1893617-Gargenville_Yvelines_Ile_de_France.html
375,Lardy- Essonne,https://www.tripadvisor.fr/Restaurants-g2436296-Lardy_Essonne_Ile_de_France.html
376,Noiseau- Val-de-Marne,https://www.tripadvisor.fr/Restaurants-g5009589-Noiseau_Val_de_Marne_Ile_de_France.html
377,Ballainvilliers- Essonne,https://www.tripadvisor.fr/Restaurants-g4738227-Ballainvilliers_Essonne_Ile_de_France.html
378,Cély- Seine-et-Marne,https://www.tripadvisor.fr/Restaurants-g1237299-Cely_Seine_et_Marne_Ile_de_France.html
379,La Norville- Essonne,https://www.tripadvisor.fr/Restaurants-g3329395-La_Norville_Essonne_Ile_de_France.html
380,Boussy-Saint-Antoine- Essonne,https://www.tripadvisor.fr/Restaurants-g4713770-Boussy_Saint_Antoine_Essonne_Ile_de_France.html
381,Poigny-la-Forêt- Yvelines,https://www.tripadvisor.fr/Restaurants-g315799-Poigny_la_Foret_Yvelines_Ile_de_France.html
382,Chavenay- Yvelines,https://www.tripadvisor.fr/Restaurants-g1749456-Chavenay_Yvelines_Ile_de_France.html
383,Saint-Leger en Yvelines- Yvelines,https://www.tripadvisor.fr/Restaurants-g2308568-Saint_Leger_en_Yvelines_Yvelines_Ile_de_France.html
384,Villepreux- Yvelines,https://www.tripadvisor.fr/Restaurants-g2057749-Villepreux_Yvelines_Ile_de_France.html
385,Igny- Essonne,https://www.tripadvisor.fr/Restaurants-g562718-Igny_Essonne_Ile_de_France.html
386,Septeuil- Yvelines,https://www.tripadvisor.fr/Restaurants-g5074536-Septeuil_Yvelines_Ile_de_France.html
387,Eragny-Cergy- Val-d'Oise,https://www.tripadvisor.fr/Restaurants-g226870-Eragny_Cergy_Val_d_Oise_Ile_de_France.html
388,Ury- Seine-et-Marne,https://www.tripadvisor.fr/Restaurants-g1143389-Ury_Seine_et_Marne_Ile_de_France.html
389,Vert-le-Petit- Essonne,https://www.tripadvisor.fr/Restaurants-g8600319-Vert_le_Petit_Essonne_Ile_de_France.html
390,Château-Landon- Seine-et-Marne,https://www.tripadvisor.fr/Restaurants-g6622922-Chateau_Landon_Seine_et_Marne_Ile_de_France.html
391,Égreville- Seine-et-Marne,https://www.tripadvisor.fr/Restaurants-g635569-Egreville_Seine_et_Marne_Ile_de_France.html
392,Rolleboise- Yvelines,https://www.tripadvisor.fr/Restaurants-g635570-Rolleboise_Yvelines_Ile_de_France.html
393,Varennes-Jarcy- Essonne,https://www.tripadvisor.fr/Restaurants-g1120016-Varennes_Jarcy_Essonne_Ile_de_France.html
394,Saint-Chéron- Essonne,https://www.tripadvisor.fr/Restaurants-g2435903-Saint_Cheron_Essonne_Ile_de_France.html
395,Saint-Mard- Seine-et-Marne,https://www.tripadvisor.fr/Restaurants-g7385964-Saint_Mard_Seine_et_Marne_Ile_de_France.html
396,Le Plessis-Bouchard- Val-d'Oise,https://www.tripadvisor.fr/Restaurants-g8322886-Le_Plessis_Bouchard_Val_d_Oise_Ile_de_France.html
397,Mormant- Seine-et-Marne,https://www.tripadvisor.fr/Restaurants-g7116630-Mormant_Seine_et_Marne_Ile_de_France.html
398,Blandy- Seine-et-Marne,https://www.tripadvisor.fr/Restaurants-g2281334-Blandy_Seine_et_Marne_Ile_de_France.html
399,Presles- Val-d'Oise,https://www.tripadvisor.fr/Restaurants-g2316149-Presles_Val_d_Oise_Ile_de_France.html
400,Baillet-en-France- Val-d'Oise,https://www.tripadvisor.fr/Restaurants-g666455-Baillet_en_France_Val_d_Oise_Ile_de_France.html
401,Mandres-les-Roses- Val-de-Marne,https://www.tripadvisor.fr/Restaurants-g6387660-Mandres_les_Roses_Val_de_Marne_Ile_de_France.html
402,Montfermeil- Seine-Saint-Denis,https://www.tripadvisor.fr/Restaurants-g11905200-Montfermeil_Seine_Saint_Denis_Ile_de_France.html
403,Gambais- Yvelines,https://www.tripadvisor.fr/Restaurants-g1940540-Gambais_Yvelines_Ile_de_France.html
404,Jouy-le-Moutier- Val-d'Oise,https://www.tripadvisor.fr/Restaurants-g3940356-Jouy_le_Moutier_Val_d_Oise_Ile_de_France.html
405,Montmagny- Val-d'Oise,https://www.tripadvisor.fr/Restaurants-g8405177-Montmagny_Val_d_Oise_Ile_de_France.html
406,Chanteloup-les-Vignes- Yvelines,https://www.tripadvisor.fr/Restaurants-g1165425-Chanteloup_les_Vignes_Yvelines_Ile_de_France.html
407,Sept-Sorts- Seine-et-Marne,https://www.tripadvisor.fr/Restaurants-g6486031-Sept_Sorts_Seine_et_Marne_Ile_de_France.html
408,Maurecourt- Yvelines,https://www.tripadvisor.fr/Restaurants-g3147841-Maurecourt_Yvelines_Ile_de_France.html
409,Asnières-sur-Oise- Val-d'Oise,https://www.tripadvisor.fr/Restaurants-g3906627-Asnieres_sur_Oise_Val_d_Oise_Ile_de_France.html
410,Montlignon- Val-d'Oise,https://www.tripadvisor.fr/Restaurants-g8410182-Montlignon_Val_d_Oise_Ile_de_France.html
411,Grez-sur-Loing- Seine-et-Marne,https://www.tripadvisor.fr/Restaurants-g1194191-Grez_sur_Loing_Seine_et_Marne_Ile_de_France.html
412,Valmondois- Val-d'Oise,https://www.tripadvisor.fr/Restaurants-g1924380-Valmondois_Val_d_Oise_Ile_de_France.html
413,Maincy- Seine-et-Marne,https://www.tripadvisor.fr/Restaurants-g660739-Maincy_Seine_et_Marne_Ile_de_France.html
414,Seraincourt- Val-d'Oise,https://www.tripadvisor.fr/Restaurants-g4329809-Seraincourt_Val_d_Oise_Ile_de_France.html
415,Marnes-la-Coquette- Hauts-de-Seine,https://www.tripadvisor.fr/Restaurants-g4713833-Marnes_la_Coquette_Hauts_de_Seine_Ile_de_France.html
416,Saint-Germain-lès-Arpajon- Essonne,https://www.tripadvisor.fr/Restaurants-g4713750-Saint_Germain_les_Arpajon_Essonne_Ile_de_France.html
417,Étiolles- Essonne,https://www.tripadvisor.fr/Restaurants-g1210807-Etiolles_Essonne_Ile_de_France.html
418,Donnemarie-Dontilly- Seine-et-Marne,https://www.tripadvisor.fr/Restaurants-g1949114-Donnemarie_Dontilly_Seine_et_Marne_Ile_de_France.html
419,Ollainville- Essonne,https://www.tripadvisor.fr/Restaurants-g3249640-Ollainville_Essonne_Ile_de_France.html
420,Soisy-sur-Seine- Essonne,https://www.tripadvisor.fr/Restaurants-g3249642-Soisy_sur_Seine_Essonne_Ile_de_France.html
421,Le Châtelet-en-Brie- Seine-et-Marne,https://www.tripadvisor.fr/Restaurants-g4131383-Le_Chatelet_en_Brie_Seine_et_Marne_Ile_de_France.html
422,Torcy-le-Grand- Seine-et-Marne,https://www.tripadvisor.fr/Restaurants-g4874821-Torcy_le_Grand_Seine_et_Marne_Ile_de_France.html
423,Chartrettes- Seine-et-Marne,https://www.tripadvisor.fr/Restaurants-g1069572-Chartrettes_Seine_et_Marne_Ile_de_France.html
424,Seine-Port- Seine-et-Marne,https://www.tripadvisor.fr/Restaurants-g6754895-Seine_Port_Seine_et_Marne_Ile_de_France.html
425,Ballancourt-sur-Essonne- Essonne,https://www.tripadvisor.fr/Restaurants-g4597373-Ballancourt_sur_Essonne_Essonne_Ile_de_France.html
426,Mère- Yvelines,https://www.tripadvisor.fr/Restaurants-g1941114-Mere_Yvelines_Ile_de_France.html
427,Moisson- Yvelines,https://www.tripadvisor.fr/Restaurants-g7692800-Moisson_Yvelines_Ile_de_France.html
428,Sivry-Courtry- Seine-et-Marne,https://www.tripadvisor.fr/Restaurants-g2209464-Sivry_Courtry_Seine_et_Marne_Ile_de_France.html
429,Crouy-sur-Ourcq- Seine-et-Marne,https://www.tripadvisor.fr/Restaurants-g4839146-Crouy_sur_Ourcq_Seine_et_Marne_Ile_de_France.html
430,Ablis- Yvelines,https://www.tripadvisor.fr/Restaurants-g8318676-Ablis_Yvelines_Ile_de_France.html
431,Le Thillay- Val-d'Oise,https://www.tripadvisor.fr/Restaurants-g1572516-Le_Thillay_Val_d_Oise_Ile_de_France.html
432,Vert-le-Grand- Essonne,https://www.tripadvisor.fr/Restaurants-g6772388-Vert_le_Grand_Essonne_Ile_de_France.html
433,Larchant- Seine-et-Marne,https://www.tripadvisor.fr/Restaurants-g2292420-Larchant_Seine_et_Marne_Ile_de_France.html
434,St Pierre du Perray- Essonne,https://www.tripadvisor.fr/Restaurants-g1154809-St_Pierre_du_Perray_Essonne_Ile_de_France.html
435,Congis-sur-Therouanne- Seine-et-Marne,https://www.tripadvisor.fr/Restaurants-g947976-Congis_sur_Therouanne_Seine_et_Marne_Ile_de_France.html
436,Chauconin-Neufmontiers- Seine-et-Marne,https://www.tripadvisor.fr/Restaurants-g10389396-Chauconin_Neufmontiers_Seine_et_Marne_Ile_de_France.html
437,Arbonne-la-Forêt- Seine-et-Marne,https://www.tripadvisor.fr/Restaurants-g2360070-Arbonne_la_Foret_Seine_et_Marne_Ile_de_France.html
438,Villiers-en-Bière- Seine-et-Marne,https://www.tripadvisor.fr/Restaurants-g2412312-Villiers_En_Biere_Seine_et_Marne_Ile_de_France.html
439,Saint-Sulpice-de-Favières- Essonne,https://www.tripadvisor.fr/Restaurants-g4583168-Saint_Sulpice_de_Favieres_Essonne_Ile_de_France.html
440,Crespières- Yvelines,https://www.tripadvisor.fr/Restaurants-g4087661-Crespieres_Yvelines_Ile_de_France.html
441,Pomponne- Seine-et-Marne,https://www.tripadvisor.fr/Restaurants-g7743260-Pomponne_Seine_et_Marne_Ile_de_France.html
442,Mériel- Val-d'Oise,https://www.tripadvisor.fr/Restaurants-g7062273-Meriel_Val_d_Oise_Ile_de_France.html
443,Bouafle- Yvelines,https://www.tripadvisor.fr/Restaurants-g1373030-Bouafle_Yvelines_Ile_de_France.html
444,Varreddes- Seine-et-Marne,https://www.tripadvisor.fr/Restaurants-g6850332-Varreddes_Seine_et_Marne_Ile_de_France.html
445,Villeneuve-sur-Bellot- Seine-et-Marne,https://www.tripadvisor.fr/Restaurants-g5444399-Villeneuve_sur_Bellot_Seine_et_Marne_Ile_de_France.html
446,Chapet- Yvelines,https://www.tripadvisor.fr/Restaurants-g8784648-Chapet_Yvelines_Ile_de_France.html
447,Clairefontaine-en-Yvelines- Yvelines,https://www.tripadvisor.fr/Restaurants-g1673092-Clairefontaine_en_Yvelines_Yvelines_Ile_de_France.html
448,Nanteau-sur-Essonne- Seine-et-Marne,https://www.tripadvisor.fr/Restaurants-g6513605-Nanteau_sur_Essonne_Seine_et_Marne_Ile_de_France.html
449,L'Île-Saint-Denis- Seine-Saint-Denis,https://www.tripadvisor.fr/Restaurants-g10386223-L_Ile_Saint_Denis_Seine_Saint_Denis_Ile_de_France.html
450,Tremblay-les-Gonesse- Seine-Saint-Denis,https://www.tripadvisor.fr/Restaurants-g1080266-Tremblay_les_Gonesse_Seine_Saint_Denis_Ile_de_France.html
451,Bailly- Yvelines,https://www.tripadvisor.fr/Restaurants-g2290632-Bailly_Yvelines_Ile_de_France.html
452,Fontenay-le-Fleury- Yvelines,https://www.tripadvisor.fr/Restaurants-g3566534-Fontenay_le_Fleury_Yvelines_Ile_de_France.html
453,Gressy- Seine-et-Marne,https://www.tripadvisor.fr/Restaurants-g790522-Gressy_Seine_et_Marne_Ile_de_France.html
454,Fontenay-lès-Briis- Essonne,https://www.tripadvisor.fr/Restaurants-g4161573-Fontenay_les_Briis_Essonne_Ile_de_France.html
455,Genainville- Val-d'Oise,https://www.tripadvisor.fr/Restaurants-g6589473-Genainville_Val_d_Oise_Ile_de_France.html
456,Dannemois- Essonne,https://www.tripadvisor.fr/Restaurants-g11751657-Dannemois_Essonne_Ile_de_France.html
457,Guillerval- Essonne,https://www.tripadvisor.fr/Restaurants-g1940551-Guillerval_Essonne_Ile_de_France.html
458,Marolles-en-Hurepoix- Essonne,https://www.tripadvisor.fr/Restaurants-g4758568-Marolles_en_Hurepoix_Essonne_Ile_de_France.html
459,Villiers-le-Bâcle- Essonne,https://www.tripadvisor.fr/Restaurants-g4212773-Villiers_le_Bacle_Essonne_Ile_de_France.html
460,Mary-sur-Marne- Seine-et-Marne,https://www.tripadvisor.fr/Restaurants-g10401822-Mary_sur_Marne_Seine_et_Marne_Ile_de_France.html
461,Champagne-sur-Oise- Val-d'Oise,https://www.tripadvisor.fr/Restaurants-g6653154-Champagne_sur_Oise_Val_d_Oise_Ile_de_France.html
462,Othis- Seine-et-Marne,https://www.tripadvisor.fr/Restaurants-g1492125-Othis_Seine_et_Marne_Ile_de_France.html
463,Villeneuve-sous-Dammartin- Seine-et-Marne,https://www.tripadvisor.fr/Restaurants-g1591428-Villeneuve_sous_Dammartin_Seine_et_Marne_Ile_de_France.html
464,Saint-Martin-en-Bière- Seine-et-Marne,https://www.tripadvisor.fr/Restaurants-g7269616-Saint_Martin_en_Biere_Seine_et_Marne_Ile_de_France.html
465,Gressey- Yvelines,https://www.tripadvisor.fr/Restaurants-g7241946-Gressey_Yvelines_Ile_de_France.html
466,Mareil-sur-Mauldre- Yvelines,https://www.tripadvisor.fr/Restaurants-g8029379-Mareil_sur_Mauldre_Yvelines_Ile_de_France.html
467,Chevry-Cossigny- Seine-et-Marne,https://www.tripadvisor.fr/Restaurants-g8819782-Chevry_Cossigny_Seine_et_Marne_Ile_de_France.html
468,Le Tremblay-sur-Mauldre- Yvelines,https://www.tripadvisor.fr/Restaurants-g1940684-Le_Tremblay_sur_Mauldre_Yvelines_Ile_de_France.html
469,Hérouville- Val-d'Oise,https://www.tripadvisor.fr/Restaurants-g6487223-Herouville_Val_d_Oise_Ile_de_France.html
470,Buthiers- Seine-et-Marne,https://www.tripadvisor.fr/Restaurants-g5009581-Buthiers_Seine_et_Marne_Ile_de_France.html
471,Neufmoutiers En Brie- Seine-et-Marne,https://www.tripadvisor.fr/Restaurants-g1220848-Neufmoutiers_En_Brie_Seine_et_Marne_Ile_de_France.html
472,Annet-sur-Marne- Seine-et-Marne,https://www.tripadvisor.fr/Restaurants-g7734430-Annet_sur_Marne_Seine_et_Marne_Ile_de_France.html
473,Vigny- Val-d'Oise,https://www.tripadvisor.fr/Restaurants-g7276677-Vigny_Val_d_Oise_Ile_de_France.html
474,Rozay-en-Brie- Seine-et-Marne,https://www.tripadvisor.fr/Restaurants-g11952207-Rozay_en_Brie_Seine_et_Marne_Ile_de_France.html
475,Thomery- Seine-et-Marne,https://www.tripadvisor.fr/Restaurants-g7060843-Thomery_Seine_et_Marne_Ile_de_France.html
476,Villeroy- Seine-et-Marne,https://www.tripadvisor.fr/Restaurants-g12250553-Villeroy_Seine_et_Marne_Ile_de_France.html
477,Valence-en-Brie- Seine-et-Marne,https://www.tripadvisor.fr/Restaurants-g6628725-Valence_en_Brie_Seine_et_Marne_Ile_de_France.html
478,Aufferville- Seine-et-Marne,https://www.tripadvisor.fr/Restaurants-g4329811-Aufferville_Seine_et_Marne_Ile_de_France.html
479,Bouffémont- Val-d'Oise,https://www.tripadvisor.fr/Restaurants-g13223392-Bouffemont_Val_d_Oise_Ile_de_France.html
480,Rocquencourt- Yvelines,https://www.tripadvisor.fr/Restaurants-g7060806-Rocquencourt_Yvelines_Ile_de_France.html
481,Vernouillet- Yvelines,https://www.tripadvisor.fr/Restaurants-g8064314-Vernouillet_Yvelines_Ile_de_France.html
482,Montsoult- Val-d'Oise,https://www.tripadvisor.fr/Restaurants-g1943886-Montsoult_Val_d_Oise_Ile_de_France.html
483,Les Chapelles-Bourbon- Seine-et-Marne,https://www.tripadvisor.fr/Restaurants-g1086799-Les_Chapelles_Bourbon_Seine_et_Marne_Ile_de_France.html
484,Saint-Pierre-lès-Nemours- Seine-et-Marne,https://www.tripadvisor.fr/Restaurants-g5561645-Saint_Pierre_les_Nemours_Seine_et_Marne_Ile_de_France.html
485,Boissy l'Aillerie- Val-d'Oise,https://www.tripadvisor.fr/Restaurants-g7736823-Boissy_l_Aillerie_Val_d_Oise_Ile_de_France.html
486,Moussy-le-Neuf- Seine-et-Marne,https://www.tripadvisor.fr/Restaurants-g7758305-Moussy_le_Neuf_Seine_et_Marne_Ile_de_France.html
487,Les Molières- Essonne,https://www.tripadvisor.fr/Restaurants-g4266457-Les_Molieres_Essonne_Ile_de_France.html
488,Oncy-sur-École- Essonne,https://www.tripadvisor.fr/Restaurants-g8477977-Oncy_sur_Ecole_Essonne_Ile_de_France.html
489,Morsang-sur-Seine- Essonne,https://www.tripadvisor.fr/Restaurants-g2222475-Morsang_sur_Seine_Essonne_Ile_de_France.html
490,Authon-la-Plaine- Essonne,https://www.tripadvisor.fr/Restaurants-g3464607-Authon_la_Plaine_Essonne_Ile_de_France.html
491,Santeny- Val-de-Marne,https://www.tripadvisor.fr/Restaurants-g1158589-Santeny_Val_de_Marne_Ile_de_France.html
492,Auvers-Saint-Georges- Essonne,https://www.tripadvisor.fr/Restaurants-g7212509-Auvers_Saint_Georges_Essonne_Ile_de_France.html
493,Saclas- Essonne,https://www.tripadvisor.fr/Restaurants-g7212506-Saclas_Essonne_Ile_de_France.html
494,Choisy-en-Brie- Seine-et-Marne,https://www.tripadvisor.fr/Restaurants-g7306711-Choisy_en_Brie_Seine_et_Marne_Ile_de_France.html
495,La Celle-les-Bordes- Yvelines,https://www.tripadvisor.fr/Restaurants-g2025892-La_Celle_les_Bordes_Yvelines_Ile_de_France.html
496,Vernou-la-Celle-sur-Seine- Seine-et-Marne,https://www.tripadvisor.fr/Restaurants-g4437503-Vernou_la_Celle_sur_Seine_Seine_et_Marne_Ile_de_France.html
497,Leudeville- Essonne,https://www.tripadvisor.fr/Restaurants-g5865959-Leudeville_Essonne_Ile_de_France.html
498,Cannes Ecluse- Seine-et-Marne,https://www.tripadvisor.fr/Restaurants-g1221086-Cannes_Ecluse_Seine_et_Marne_Ile_de_France.html
499,Maisoncelles-en-Brie- Seine-et-Marne,https://www.tripadvisor.fr/Restaurants-g4713876-Maisoncelles_en_Brie_Seine_et_Marne_Ile_de_France.html
500,Pommeuse- Seine-et-Marne,https://www.tripadvisor.fr/Restaurants-g1221110-Pommeuse_Seine_et_Marne_Ile_de_France.html
501,Saintry sur seine- Essonne,https://www.tripadvisor.fr/Restaurants-g2308549-Saintry_sur_Seine_Essonne_Ile_de_France.html
502,Tigery- Essonne,https://www.tripadvisor.fr/Restaurants-g3580356-Tigery_Essonne_Ile_de_France.html
503,Guermantes- Seine-et-Marne,https://www.tripadvisor.fr/Restaurants-g4007472-Guermantes_Seine_et_Marne_Ile_de_France.html
504,Epiais-les-Louvres- Val-d'Oise,https://www.tripadvisor.fr/Restaurants-g608774-Epiais_les_Louvres_Val_d_Oise_Ile_de_France.html
505,Lumigny-Nesles-Ormeaux- Seine-et-Marne,https://www.tripadvisor.fr/Restaurants-g1991177-Lumigny_Nesles_Ormeaux_Seine_et_Marne_Ile_de_France.html
506,Morigny-Champigny- Essonne,https://www.tripadvisor.fr/Restaurants-g1582594-Morigny_Champigny_Essonne_Ile_de_France.html
507,Piscop- Val-d'Oise,https://www.tripadvisor.fr/Restaurants-g7288366-Piscop_Val_d_Oise_Ile_de_France.html
508,Pontcarré- Seine-et-Marne,https://www.tripadvisor.fr/Restaurants-g12613255-Pontcarre_Seine_et_Marne_Ile_de_France.html
509,Maffliers- Val-d'Oise,https://www.tripadvisor.fr/Restaurants-g1143388-Maffliers_Val_d_Oise_Ile_de_France.html
510,Survilliers- Val-d'Oise,https://www.tripadvisor.fr/Restaurants-g1143391-Survilliers_Val_d_Oise_Ile_de_France.html
511,Esmans- Seine-et-Marne,https://www.tripadvisor.fr/Restaurants-g2545277-Esmans_Seine_et_Marne_Ile_de_France.html
512,Flagy- Seine-et-Marne,https://www.tripadvisor.fr/Restaurants-g482913-Flagy_Seine_et_Marne_Ile_de_France.html
513,Marolles-sur-Seine- Seine-et-Marne,https://www.tripadvisor.fr/Restaurants-g3976791-Marolles_sur_Seine_Seine_et_Marne_Ile_de_France.html
514,Nesles-la-Vallée- Val-d'Oise,https://www.tripadvisor.fr/Restaurants-g8052239-Nesles_la_Vallee_Val_d_Oise_Ile_de_France.html
515,Maulette- Yvelines,https://www.tripadvisor.fr/Restaurants-g3915451-Maulette_Yvelines_Ile_de_France.html
516,Dugny- Seine-Saint-Denis,https://www.tripadvisor.fr/Restaurants-g7683835-Dugny_Seine_Saint_Denis_Ile_de_France.html
517,Bonnelles- Yvelines,https://www.tripadvisor.fr/Restaurants-g11769382-Bonnelles_Yvelines_Ile_de_France.html
518,Grisy-les-Plâtres- Val-d'Oise,https://www.tripadvisor.fr/Restaurants-g4551390-Grisy_les_Platres_Val_d_Oise_Ile_de_France.html
519,Gometz-la-Ville- Essonne,https://www.tripadvisor.fr/Restaurants-g7786216-Gometz_la_Ville_Essonne_Ile_de_France.html
520,Mezières-sur-Seine- Yvelines,https://www.tripadvisor.fr/Restaurants-g1147553-Mezieres_sur_Seine_Yvelines_Ile_de_France.html
521,Saint-Pierre-du-Perray- Essonne,https://www.tripadvisor.fr/Restaurants-g1572515-Saint_Pierre_du_Perray_Essonne_Ile_de_France.html
522,Vémars- Val-d'Oise,https://www.tripadvisor.fr/Restaurants-g8547202-Vemars_Val_d_Oise_Ile_de_France.html
523,Montgeroult- Val-d'Oise,https://www.tripadvisor.fr/Restaurants-g2435902-Montgeroult_Val_d_Oise_Ile_de_France.html
524,Janvry- Essonne,https://www.tripadvisor.fr/Restaurants-g2457352-Janvry_Essonne_Ile_de_France.html
525,Bessancourt- Val-d'Oise,https://www.tripadvisor.fr/Restaurants-g6813528-Bessancourt_Val_d_Oise_Ile_de_France.html
526,Misy-sur-Yonne- Seine-et-Marne,https://www.tripadvisor.fr/Restaurants-g4761384-Misy_sur_Yonne_Seine_et_Marne_Ile_de_France.html
527,Vaux-sur-Seine- Yvelines,https://www.tripadvisor.fr/Restaurants-g7683841-Vaux_sur_Seine_Yvelines_Ile_de_France.html
528,Verneuil-l'Étang- Seine-et-Marne,https://www.tripadvisor.fr/Restaurants-g7063531-Verneuil_l_Etang_Seine_et_Marne_Ile_de_France.html
529,Forges-les-Bains- Essonne,https://www.tripadvisor.fr/Restaurants-g4468683-Forges_les_Bains_Essonne_Ile_de_France.html
530,Génicourt- Val-d'Oise,https://www.tripadvisor.fr/Restaurants-g3946401-Genicourt_Val_d_Oise_Ile_de_France.html
531,Saint-Ouen-sur-Morin- Seine-et-Marne,https://www.tripadvisor.fr/Restaurants-g675756-Saint_Ouen_sur_Morin_Seine_et_Marne_Ile_de_France.html
532,Bray-et-Lu- Val-d'Oise,https://www.tripadvisor.fr/Restaurants-g675757-Bray_et_Lu_Val_d_Oise_Ile_de_France.html
533,Courdimanche- Val-d'Oise,https://www.tripadvisor.fr/Restaurants-g8725320-Courdimanche_Val_d_Oise_Ile_de_France.html
534,Bourdonné- Yvelines,https://www.tripadvisor.fr/Restaurants-g4468652-Bourdonne_Yvelines_Ile_de_France.html
535,Réau- Seine-et-Marne,https://www.tripadvisor.fr/Restaurants-g4272057-Reau_Seine_et_Marne_Ile_de_France.html
536,Ecuelles- Seine-et-Marne,https://www.tripadvisor.fr/Restaurants-g1165294-Ecuelles_Seine_et_Marne_Ile_de_France.html
537,Châtenay-sur-Seine- Seine-et-Marne,https://www.tripadvisor.fr/Restaurants-g2492462-Chatenay_sur_Seine_Seine_et_Marne_Ile_de_France.html
538,Épinay-sous-Sénart- Essonne,https://www.tripadvisor.fr/Restaurants-g12938443-Epinay_sous_Senart_Essonne_Ile_de_France.html
539,La Chapelle-Gauthier- Seine-et-Marne,https://www.tripadvisor.fr/Restaurants-g2060302-La_Chapelle_Gauthier_Seine_et_Marne_Ile_de_France.html
540,Mulcent- Yvelines,https://www.tripadvisor.fr/Restaurants-g7689318-Mulcent_Yvelines_Ile_de_France.html
541,Saint-Germain-Laval- Seine-et-Marne,https://www.tripadvisor.fr/Restaurants-g8426645-Saint_Germain_Laval_Seine_et_Marne_Ile_de_France.html
542,Les Granges-le-Roi- Essonne,https://www.tripadvisor.fr/Restaurants-g6440058-Les_Granges_le_Roi_Essonne_Ile_de_France.html
543,Jeufosse- Yvelines,https://www.tripadvisor.fr/Restaurants-g6550653-Jeufosse_Yvelines_Ile_de_France.html
544,Épisy- Seine-et-Marne,https://www.tripadvisor.fr/Restaurants-g1940483-Episy_Seine_et_Marne_Ile_de_France.html
545,Fresnes-sur-Marne- Seine-et-Marne,https://www.tripadvisor.fr/Restaurants-g8355936-Fresnes_sur_Marne_Seine_et_Marne_Ile_de_France.html
546,Arnouville-lès-Mantes- Yvelines,https://www.tripadvisor.fr/Restaurants-g9756852-Arnouville_les_Mantes_Yvelines_Ile_de_France.html
547,Saint-Sauveur-lès-Bray- Seine-et-Marne,https://www.tripadvisor.fr/Restaurants-g9463998-Saint_Sauveur_les_Bray_Seine_et_Marne_Ile_de_France.html
548,Chamarande- Essonne,https://www.tripadvisor.fr/Restaurants-g5788673-Chamarande_Essonne_Ile_de_France.html
549,Héricy- Seine-et-Marne,https://www.tripadvisor.fr/Restaurants-g3447902-Hericy_Seine_et_Marne_Ile_de_France.html
550,Le Plessis-Pâté- Essonne,https://www.tripadvisor.fr/Restaurants-g13569184-Le_Plessis_Pate_Essonne_Ile_de_France.html
551,Choisel- Yvelines,https://www.tripadvisor.fr/Restaurants-g10745040-Choisel_Yvelines_Ile_de_France.html
552,Mondeville- Essonne,https://www.tripadvisor.fr/Restaurants-g8767729-Mondeville_Essonne_Ile_de_France.html
553,Chauffry- Seine-et-Marne,https://www.tripadvisor.fr/Restaurants-g4878388-Chauffry_Seine_et_Marne_Ile_de_France.html
554,Mareil-Marly- Yvelines,https://www.tripadvisor.fr/Restaurants-g10717404-Mareil_Marly_Yvelines_Ile_de_France.html
555,Noisy-sur-École- Seine-et-Marne,https://www.tripadvisor.fr/Restaurants-g5444829-Noisy_sur_Ecole_Seine_et_Marne_Ile_de_France.html
556,Montigny-sur-Loing- Seine-et-Marne,https://www.tripadvisor.fr/Restaurants-g7171313-Montigny_sur_Loing_Seine_et_Marne_Ile_de_France.html
557,Chartronges- Seine-et-Marne,https://www.tripadvisor.fr/Restaurants-g4323550-Chartronges_Seine_et_Marne_Ile_de_France.html
558,Champlan- Essonne,https://www.tripadvisor.fr/Restaurants-g7253204-Champlan_Essonne_Ile_de_France.html
559,Guignes- Seine-et-Marne,https://www.tripadvisor.fr/Restaurants-g12223613-Guignes_Seine_et_Marne_Ile_de_France.html
560,Bruyères-le-Châtel- Essonne,https://www.tripadvisor.fr/Restaurants-g6865085-Bruyeres_le_Chatel_Essonne_Ile_de_France.html
561,Bagneaux sur Loing- Seine-et-Marne,https://www.tripadvisor.fr/Restaurants-g4926629-Bagneaux_sur_Loing_Seine_et_Marne_Ile_de_France.html
562,Poligny- Seine-et-Marne,https://www.tripadvisor.fr/Restaurants-g2468048-Poligny_Seine_et_Marne_Ile_de_France.html
563,Sainte-Colombe- Seine-et-Marne,https://www.tripadvisor.fr/Restaurants-g7265426-Sainte_Colombe_Seine_et_Marne_Ile_de_France.html
564,Gometz-le-Châtel- Essonne,https://www.tripadvisor.fr/Restaurants-g4738230-Gometz_le_Chatel_Essonne_Ile_de_France.html
565,Civry-la-Forêt- Yvelines,https://www.tripadvisor.fr/Restaurants-g8539526-Civry_la_Foret_Yvelines_Ile_de_France.html
566,Dampmart- Seine-et-Marne,https://www.tripadvisor.fr/Restaurants-g8827279-Dampmart_Seine_et_Marne_Ile_de_France.html
567,Cheptainville- Essonne,https://www.tripadvisor.fr/Restaurants-g8658318-Cheptainville_Essonne_Ile_de_France.html
568,Chailly-en-Brie- Seine-et-Marne,https://www.tripadvisor.fr/Restaurants-g4545870-Chailly_en_Brie_Seine_et_Marne_Ile_de_France.html
569,Saint-Germain-Laxis- Seine-et-Marne,https://www.tripadvisor.fr/Restaurants-g8784264-Saint_Germain_Laxis_Seine_et_Marne_Ile_de_France.html
570,Breux-Jouy- Essonne,https://www.tripadvisor.fr/Restaurants-g6999412-Breux_Jouy_Essonne_Ile_de_France.html
571,Théméricourt- Val-d'Oise,https://www.tripadvisor.fr/Restaurants-g4354400-Themericourt_Val_d_Oise_Ile_de_France.html
572,Échouboulains- Seine-et-Marne,https://www.tripadvisor.fr/Restaurants-g4354401-Echouboulains_Seine_et_Marne_Ile_de_France.html
573,Jouarre- Seine-et-Marne,https://www.tripadvisor.fr/Restaurants-g1144117-Jouarre_Seine_et_Marne_Ile_de_France.html
574,Andilly- Val-d'Oise,https://www.tripadvisor.fr/Restaurants-g1051957-Andilly_Val_d_Oise_Ile_de_France.html
575,Oinville-sur-Montcient- Yvelines,https://www.tripadvisor.fr/Restaurants-g3911937-Oinville_sur_Montcient_Yvelines_Ile_de_France.html
576,Le Mesnil-Aubry- Val-d'Oise,https://www.tripadvisor.fr/Restaurants-g1807654-Le_Mesnil_Aubry_Val_d_Oise_Ile_de_France.html
577,Leuville-sur-Orge- Essonne,https://www.tripadvisor.fr/Restaurants-g12637568-Leuville_sur_Orge_Essonne_Ile_de_France.html
578,Boissy-sous-Saint-Yon- Essonne,https://www.tripadvisor.fr/Restaurants-g2546019-Boissy_sous_Saint_Yon_Essonne_Ile_de_France.html
579,Doue- Seine-et-Marne,https://www.tripadvisor.fr/Restaurants-g2561385-Doue_Seine_et_Marne_Ile_de_France.html
580,Rosay- Yvelines,https://www.tripadvisor.fr/Restaurants-g2443640-Rosay_Yvelines_Ile_de_France.html
581,Nanteuil-sur-Marne- Seine-et-Marne,https://www.tripadvisor.fr/Restaurants-g6895926-Nanteuil_sur_Marne_Seine_et_Marne_Ile_de_France.html
582,Senlisse- Yvelines,https://www.tripadvisor.fr/Restaurants-g1210745-Senlisse_Yvelines_Ile_de_France.html
583,Porcheville- Yvelines,https://www.tripadvisor.fr/Restaurants-g7811331-Porcheville_Yvelines_Ile_de_France.html
584,Le Mesnil-le-Roi- Yvelines,https://www.tripadvisor.fr/Restaurants-g8477181-Le_Mesnil_le_Roi_Yvelines_Ile_de_France.html
585,Montchauvet- Yvelines,https://www.tripadvisor.fr/Restaurants-g7294226-Montchauvet_Yvelines_Ile_de_France.html
586,Villiers-le-Mahieu- Yvelines,https://www.tripadvisor.fr/Restaurants-g1210770-Villiers_le_Mahieu_Yvelines_Ile_de_France.html
587,Le Pin- Seine-et-Marne,https://www.tripadvisor.fr/Restaurants-g7736820-Le_Pin_Seine_et_Marne_Ile_de_France.html
588,Champagne-sur-Seine- Seine-et-Marne,https://www.tripadvisor.fr/Restaurants-g11946291-Champagne_sur_Seine_Seine_et_Marne_Ile_de_France.html
589,Bernes-sur-Oise- Val-d'Oise,https://www.tripadvisor.fr/Restaurants-g12002587-Bernes_sur_Oise_Val_d_Oise_Ile_de_France.html
590,Ussy-sur-Marne- Seine-et-Marne,https://www.tripadvisor.fr/Restaurants-g7701978-Ussy_sur_Marne_Seine_et_Marne_Ile_de_France.html
591,Soisy-sur-École- Essonne,https://www.tripadvisor.fr/Restaurants-g6734293-Soisy_sur_Ecole_Essonne_Ile_de_France.html
592,Liverdy-en-Brie- Seine-et-Marne,https://www.tripadvisor.fr/Restaurants-g6609337-Liverdy_en_Brie_Seine_et_Marne_Ile_de_France.html
593,Saint-Martin-la-Garenne- Yvelines,https://www.tripadvisor.fr/Restaurants-g12880167-Saint_Martin_la_Garenne_Yvelines_Ile_de_France.html
594,Perthes- Seine-et-Marne,https://www.tripadvisor.fr/Restaurants-g12137808-Perthes_Seine_et_Marne_Ile_de_France.html
595,Milon-la-Chapelle- Yvelines,https://www.tripadvisor.fr/Restaurants-g1582578-Milon_la_Chapelle_Yvelines_Ile_de_France.html
596,Cerny- Essonne,https://www.tripadvisor.fr/Restaurants-g6857107-Cerny_Essonne_Ile_de_France.html
597,Prunay-en-Yvelines- Yvelines,https://www.tripadvisor.fr/Restaurants-g8469887-Prunay_en_Yvelines_Yvelines_Ile_de_France.html
598,Dormelles- Seine-et-Marne,https://www.tripadvisor.fr/Restaurants-g12269245-Dormelles_Seine_et_Marne_Ile_de_France.html
599,Orgerus- Yvelines,https://www.tripadvisor.fr/Restaurants-g7740002-Orgerus_Yvelines_Ile_de_France.html
600,La Boissière-Ecole- Yvelines,https://www.tripadvisor.fr/Restaurants-g2545215-La_Boissiere_Ecole_Yvelines_Ile_de_France.html
601,Auteuil-le-Roi- Yvelines,https://www.tripadvisor.fr/Restaurants-g9565875-Auteuil_le_Roi_Yvelines_Ile_de_France.html
602,Chailly-en-Bière- Seine-et-Marne,https://www.tripadvisor.fr/Restaurants-g12269209-Chailly_en_Biere_Seine_et_Marne_Ile_de_France.html
603,Condé-Sainte-Libiaire- Seine-et-Marne,https://www.tripadvisor.fr/Restaurants-g4505203-Conde_Sainte_Libiaire_Seine_et_Marne_Ile_de_France.html
604,Montainville- Yvelines,https://www.tripadvisor.fr/Restaurants-g4457083-Montainville_Yvelines_Ile_de_France.html
605,Boigneville- Essonne,https://www.tripadvisor.fr/Restaurants-g7160366-Boigneville_Essonne_Ile_de_France.html
606,Thoury-Férottes- Seine-et-Marne,https://www.tripadvisor.fr/Restaurants-g9984709-Thoury_Ferrottes_Seine_et_Marne_Ile_de_France.html
607,Saint-Rémy-l'Honoré- Yvelines,https://www.tripadvisor.fr/Restaurants-g6755846-Saint_Remy_l_Honore_Yvelines_Ile_de_France.html
608,Jutigny- Seine-et-Marne,https://www.tripadvisor.fr/Restaurants-g2545220-Jutigny_Seine_et_Marne_Ile_de_France.html
609,Tousson- Seine-et-Marne,https://www.tripadvisor.fr/Restaurants-g12909224-Tousson_Seine_et_Marne_Ile_de_France.html
610,Saint-Jean-les-Deux-Jumeaux- Seine-et-Marne,https://www.tripadvisor.fr/Restaurants-g1497701-Saint_Jean_les_Deux_Jumeaux_Seine_et_Marne_Ile_de_France.html
611,Saint-Lambert- Yvelines,https://www.tripadvisor.fr/Restaurants-g2431580-Saint_Lambert_Yvelines_Ile_de_France.html
612,Fontenailles- Seine-et-Marne,https://www.tripadvisor.fr/Restaurants-g2299487-Fontenailles_Seine_et_Marne_Ile_de_France.html
613,Boutigny-sur-Essonne- Essonne,https://www.tripadvisor.fr/Restaurants-g5011164-Boutigny_sur_Essonne_Essonne_Ile_de_France.html
614,Montceaux-les-Meaux- Seine-et-Marne,https://www.tripadvisor.fr/Restaurants-g1941132-Montceaux_les_Meaux_Seine_et_Marne_Ile_de_France.html
615,Frémécourt- Val-d'Oise,https://www.tripadvisor.fr/Restaurants-g4551391-Fremecourt_Val_d_Oise_Ile_de_France.html
616,Boutervilliers- Essonne,https://www.tripadvisor.fr/Restaurants-g4126371-Boutervilliers_Essonne_Ile_de_France.html
617,Germigny L'Eveque- Seine-et-Marne,https://www.tripadvisor.fr/Restaurants-g729748-Germigny_L_Eveque_Seine_et_Marne_Ile_de_France.html
618,Sagy- Val-d'Oise,https://www.tripadvisor.fr/Restaurants-g11918852-Sagy_Val_d_Oise_Ile_de_France.html
619,Longuesse- Val-d'Oise,https://www.tripadvisor.fr/Restaurants-g1723045-Longuesse_Val_d_Oise_Ile_de_France.html
620,Gouaix- Seine-et-Marne,https://www.tripadvisor.fr/Restaurants-g13201933-Gouaix_Seine_et_Marne_Ile_de_France.html
621,Galluis- Yvelines,https://www.tripadvisor.fr/Restaurants-g4976258-Galluis_Yvelines_Ile_de_France.html
622,Montreuil-sur-Epte- Val-d'Oise,https://www.tripadvisor.fr/Restaurants-g4163309-Montreuil_sur_Epte_Val_d_Oise_Ile_de_France.html
623,Santeuil- Val-d'Oise,https://www.tripadvisor.fr/Restaurants-g12521068-Santeuil_Val_d_Oise_Ile_de_France.html
624,Arronville- Val-d'Oise,https://www.tripadvisor.fr/Restaurants-g6498999-Arronville_Val_d_Oise_Ile_de_France.html
625,Ormoy-la-Rivière- Essonne,https://www.tripadvisor.fr/Restaurants-g1941189-Ormoy_la_Riviere_Essonne_Ile_de_France.html
626,Baulne- Essonne,https://www.tripadvisor.fr/Restaurants-g5074577-Baulne_Essonne_Ile_de_France.html
627,Goussonville- Yvelines,https://www.tripadvisor.fr/Restaurants-g1126136-Goussonville_Yvelines_Ile_de_France.html
628,Vaudherland- Val-d'Oise,https://www.tripadvisor.fr/Restaurants-g8454760-Vaudherland_Val_d_Oise_Ile_de_France.html
629,Condécourt- Val-d'Oise,https://www.tripadvisor.fr/Restaurants-g4586166-Condecourt_Val_d_Oise_Ile_de_France.html
630,Champeaux- Seine-et-Marne,https://www.tripadvisor.fr/Restaurants-g12075584-Champeaux_Seine_et_Marne_Ile_de_France.html
631,L'Etang-la-Ville- Yvelines,https://www.tripadvisor.fr/Restaurants-g2058978-L_Etang_la_Ville_Yvelines_Ile_de_France.html
632,Nandy- Seine-et-Marne,https://www.tripadvisor.fr/Restaurants-g11949641-Nandy_Seine_et_Marne_Ile_de_France.html
633,Port-Villez- Yvelines,https://www.tripadvisor.fr/Restaurants-g666383-Port_Villez_Yvelines_Ile_de_France.html
634,Chenoise- Seine-et-Marne,https://www.tripadvisor.fr/Restaurants-g12706764-Chenoise_Seine_et_Marne_Ile_de_France.html
635,Villiers-sur-Morin- Seine-et-Marne,https://www.tripadvisor.fr/Restaurants-g1933069-Villiers_sur_Morin_Seine_et_Marne_Ile_de_France.html
636,Le Perchay- Val-d'Oise,https://www.tripadvisor.fr/Restaurants-g2435901-Le_Perchay_Val_d_Oise_Ile_de_France.html
637,Coupvray- Seine-et-Marne,https://www.tripadvisor.fr/Restaurants-g5599092-Coupvray_Seine_et_Marne_Ile_de_France.html
638,Jouy-le-Châtel- Seine-et-Marne,https://www.tripadvisor.fr/Restaurants-g14122997-Jouy_le_Chatel_Seine_et_Marne_Ile_de_France.html
639,Grosrouvre- Yvelines,https://www.tripadvisor.fr/Restaurants-g4052755-Grosrouvre_Yvelines_Ile_de_France.html
640,Frépillon- Val-d'Oise,https://www.tripadvisor.fr/Restaurants-g12461965-Frepillon_Val_d_Oise_Ile_de_France.html
641,Boisemont- Val-d'Oise,https://www.tripadvisor.fr/Restaurants-g4761356-Boisemont_Val_d_Oise_Ile_de_France.html
642,Médan- Yvelines,https://www.tripadvisor.fr/Restaurants-g12997518-Medan_Yvelines_Ile_de_France.html
643,Jablines- Seine-et-Marne,https://www.tripadvisor.fr/Restaurants-g3571558-Jablines_Seine_et_Marne_Ile_de_France.html
644,Saint-Vrain- Essonne,https://www.tripadvisor.fr/Restaurants-g7744292-Saint_Vrain_Essonne_Ile_de_France.html
645,Longperrier- Seine-et-Marne,https://www.tripadvisor.fr/Restaurants-g1165122-Longperrier_Seine_et_Marne_Ile_de_France.html
646,Lavacourt- Yvelines,https://www.tripadvisor.fr/Restaurants-g3607404-Lavacourt_Yvelines_Ile_de_France.html
647,Favrieux- Yvelines,https://www.tripadvisor.fr/Restaurants-g5534473-Favrieux_Yvelines_Ile_de_France.html
648,Sainte-Mesme- Yvelines,https://www.tripadvisor.fr/Restaurants-g4412193-Sainte_Mesme_Yvelines_Ile_de_France.html
649,Mezy-sur-Seine- Yvelines,https://www.tripadvisor.fr/Restaurants-g1373029-Mezy_sur_Seine_Yvelines_Ile_de_France.html
650,Les Bréviaires- Yvelines,https://www.tripadvisor.fr/Restaurants-g6756125-Les_Breviaires_Yvelines_Ile_de_France.html
651,Millemont- Yvelines,https://www.tripadvisor.fr/Restaurants-g5492521-Millemont_Yvelines_Ile_de_France.html
652,Sandrancourt- Yvelines,https://www.tripadvisor.fr/Restaurants-g7697166-Sandrancourt_Yvelines_Ile_de_France.html
653,Messy- Seine-et-Marne,https://www.tripadvisor.fr/Restaurants-g7786253-Messy_Seine_et_Marne_Ile_de_France.html
654,Boissy-la-Rivière- Essonne,https://www.tripadvisor.fr/Restaurants-g8450043-Boissy_la_Riviere_Essonne_Ile_de_France.html
655,Sammeron- Seine-et-Marne,https://www.tripadvisor.fr/Restaurants-g11849526-Sammeron_Seine_et_Marne_Ile_de_France.html
656,Évry-Grégy-sur-Yerre- Seine-et-Marne,https://www.tripadvisor.fr/Restaurants-g6952929-Evry_Gregy_sur_Yerre_Seine_et_Marne_Ile_de_France.html
657,Tessancourt-sur-Aubette- Yvelines,https://www.tripadvisor.fr/Restaurants-g7351293-Tessancourt_sur_Aubette_Yvelines_Ile_de_France.html
658,Boutigny- Seine-et-Marne,https://www.tripadvisor.fr/Restaurants-g13531968-Boutigny_Seine_et_Marne_Ile_de_France.html
659,Veneux-les-Sablons- Seine-et-Marne,https://www.tripadvisor.fr/Restaurants-g8682256-Veneux_les_Sablons_Seine_et_Marne_Ile_de_France.html
660,Neauphle-Le-Vieux- Yvelines,https://www.tripadvisor.fr/Restaurants-g10211073-Neauphle_Le_Vieux_Yvelines_Ile_de_France.html
661,Montcourt-Fromonville- Seine-et-Marne,https://www.tripadvisor.fr/Restaurants-g10401540-Montcourt_Fromonville_Seine_et_Marne_Ile_de_France.html
662,Chaintreaux- Seine-et-Marne,https://www.tripadvisor.fr/Restaurants-g12087065-Chaintreaux_Seine_et_Marne_Ile_de_France.html
663,Lagny- Seine-et-Marne,https://www.tripadvisor.fr/Restaurants-g1080241-Lagny_Seine_et_Marne_Ile_de_France.html
664,Cessoy-en-Montois- Seine-et-Marne,https://www.tripadvisor.fr/Restaurants-g12520217-Cessoy_en_Montois_Seine_et_Marne_Ile_de_France.html
665,Saint-Cyr-en-Arthies- Val-d'Oise,https://www.tripadvisor.fr/Restaurants-g6925263-Saint_Cyr_en_Arthies_Val_d_Oise_Ile_de_France.html
666,Chars- Val-d'Oise,https://www.tripadvisor.fr/Restaurants-g7063518-Chars_Val_d_Oise_Ile_de_France.html
667,Guerville- Yvelines,https://www.tripadvisor.fr/Restaurants-g6513581-Guerville_Yvelines_Ile_de_France.html
668,Les Mesnuls- Yvelines,https://www.tripadvisor.fr/Restaurants-g11918178-Les_Mesnuls_Yvelines_Ile_de_France.html
669,Moigny-sur-Ecole- Essonne,https://www.tripadvisor.fr/Restaurants-g1606592-Moigny_sur_Ecole_Essonne_Ile_de_France.html
670,Sancy-les-Meaux- Seine-et-Marne,https://www.tripadvisor.fr/Restaurants-g1080268-Sancy_les_Meaux_Seine_et_Marne_Ile_de_France.html
671,La Genevraye- Seine-et-Marne,https://www.tripadvisor.fr/Restaurants-g13345559-La_Genevraye_Seine_et_Marne_Ile_de_France.html
672,Chaumontel- Val-d'Oise,https://www.tripadvisor.fr/Restaurants-g661460-Chaumontel_Val_d_Oise_Ile_de_France.html
673,Saint-Augustin- Seine-et-Marne,https://www.tripadvisor.fr/Restaurants-g7952259-Saint_Augustin_Seine_et_Marne_Ile_de_France.html
674,Saint-Jean-de-Beauregard- Essonne,https://www.tripadvisor.fr/Restaurants-g2199515-Saint_Jean_de_Beauregard_Essonne_Ile_de_France.html
